;IBERDROLA;SANTANDER;INDITEX
26/09/2011;2,50;3,69;13,04
27/09/2011;2,61;3,85;13,10
28/09/2011;2,60;3,80;12,89
29/09/2011;2,62;3,86;13,05
30/09/2011;2,60;3,88;12,87
03/10/2011;2,55;3,75;12,57
04/10/2011;2,53;3,69;12,18
05/10/2011;2,62;3,80;12,50
06/10/2011;2,69;3,91;12,62
07/10/2011;2,71;3,95;12,78
10/10/2011;2,73;3,96;13,00
11/10/2011;2,69;3,93;13,24
12/10/2011;2,74;4,00;13,19
13/10/2011;2,73;3,93;13,46
14/10/2011;2,73;3,89;13,44
17/10/2011;2,70;3,86;13,52
18/10/2011;2,66;3,87;13,28
19/10/2011;2,68;3,92;13,10
20/10/2011;2,59;3,73;13,38
21/10/2011;2,68;3,84;13,70
24/10/2011;2,71;3,90;13,67
25/10/2011;2,67;3,86;13,61
26/10/2011;2,66;3,81;13,58
27/10/2011;2,79;4,10;13,66
28/10/2011;2,76;4,09;13,45
31/10/2011;2,69;3,93;13,15
01/11/2011;2,55;3,75;12,79
02/11/2011;2,55;3,70;12,52
03/11/2011;2,60;3,74;12,87
04/11/2011;2,51;3,71;12,98
07/11/2011;2,54;3,62;12,91
08/11/2011;2,53;3,64;12,96
09/11/2011;2,46;3,55;12,85
10/11/2011;2,45;3,55;12,71
11/11/2011;2,54;3,70;13,16
14/11/2011;2,48;3,60;13,09
15/11/2011;2,43;3,51;13,06
16/11/2011;2,43;3,57;12,99
17/11/2011;2,45;3,52;13,09
18/11/2011;2,50;3,55;13,05
21/11/2011;2,39;3,43;12,72
22/11/2011;2,36;3,33;12,83
23/11/2011;2,34;3,27;12,39
24/11/2011;2,33;3,28;12,25
25/11/2011;2,35;3,33;12,00
28/11/2011;2,46;3,50;12,24
29/11/2011;2,46;3,50;12,06
30/11/2011;2,54;3,57;12,61
01/12/2011;2,55;3,54;12,73
02/12/2011;2,57;3,68;12,71
05/12/2011;2,62;3,78;12,65
06/12/2011;2,59;3,80;12,71
07/12/2011;2,58;3,79;12,65
08/12/2011;2,51;3,72;12,40
09/12/2011;2,58;3,80;12,68
12/12/2011;2,50;3,64;12,51
13/12/2011;2,47;3,59;12,34
14/12/2011;2,41;3,50;12,55
15/12/2011;2,43;3,56;12,84
16/12/2011;2,41;3,57;12,45
19/12/2011;2,42;3,57;12,50
20/12/2011;2,46;3,69;12,55
21/12/2011;2,43;3,64;12,43
22/12/2011;2,46;3,68;12,48
23/12/2011;2,48;3,72;12,62
26/12/2011;2,48;3,72;12,62
27/12/2011;2,48;3,70;12,62
28/12/2011;2,43;3,62;12,47
29/12/2011;2,46;3,69;12,63
30/12/2011;2,48;3,74;12,66
02/01/2012;2,54;3,80;12,85
03/01/2012;2,55;3,84;12,78
04/01/2012;2,49;3,69;12,82
05/01/2012;2,44;3,52;12,58
06/01/2012;2,42;3,47;12,61
09/01/2012;2,41;3,47;12,80
10/01/2012;2,48;3,66;13,09
11/01/2012;2,48;3,64;13,08
12/01/2012;2,46;3,62;12,95
13/01/2012;2,47;3,66;12,91
16/01/2012;2,47;3,68;13,01
17/01/2012;2,48;3,72;13,19
18/01/2012;2,41;3,65;13,30
19/01/2012;2,45;3,83;13,23
20/01/2012;2,41;3,85;13,39
23/01/2012;2,40;3,89;13,44
24/01/2012;2,39;3,89;13,45
25/01/2012;2,36;3,92;13,41
26/01/2012;2,43;4,01;13,68
27/01/2012;2,41;4,00;13,42
30/01/2012;2,38;3,89;13,41
31/01/2012;2,38;3,87;13,34
01/02/2012;2,43;4,01;13,58
02/02/2012;2,44;4,10;13,71
03/02/2012;2,47;4,18;13,65
06/02/2012;2,48;4,23;13,49
07/02/2012;2,48;4,26;13,48
08/02/2012;2,48;4,24;13,52
09/02/2012;2,50;4,29;13,55
10/02/2012;2,47;4,21;13,71
13/02/2012;2,46;4,22;13,61
14/02/2012;2,48;4,18;13,62
15/02/2012;2,46;4,20;13,65
16/02/2012;2,44;4,09;13,55
17/02/2012;2,46;4,17;13,64
20/02/2012;2,51;4,27;13,87
21/02/2012;2,50;4,26;13,75
22/02/2012;2,47;4,15;13,75
23/02/2012;2,40;4,09;13,85
24/02/2012;2,38;4,09;13,81
27/02/2012;2,37;4,08;13,81
28/02/2012;2,36;4,08;13,90
29/02/2012;2,35;4,05;13,86
01/03/2012;2,38;4,12;13,81
02/03/2012;2,38;4,14;13,87
05/03/2012;2,37;4,05;13,73
06/03/2012;2,31;3,87;13,32
07/03/2012;2,29;3,90;13,39
08/03/2012;2,31;4,02;13,57
09/03/2012;2,30;3,98;13,52
12/03/2012;2,26;3,89;13,60
13/03/2012;2,32;4,01;13,79
14/03/2012;2,32;4,04;13,96
15/03/2012;2,34;4,06;14,02
16/03/2012;2,40;4,12;14,26
19/03/2012;2,43;4,21;14,31
20/03/2012;2,43;4,16;14,35
21/03/2012;2,39;4,06;14,44
22/03/2012;2,37;3,97;14,32
23/03/2012;2,33;3,93;14,30
26/03/2012;2,30;3,89;14,42
27/03/2012;2,28;3,84;14,38
28/03/2012;2,24;3,76;14,41
29/03/2012;2,21;3,69;14,17
30/03/2012;2,25;3,75;14,36
02/04/2012;2,24;3,76;14,70
03/04/2012;2,19;3,61;14,60
04/04/2012;2,13;3,52;14,24
05/04/2012;2,11;3,52;14,33
06/04/2012;2,11;3,52;14,33
09/04/2012;2,11;3,52;14,33
10/04/2012;2,05;3,38;13,91
11/04/2012;2,09;3,45;13,98
12/04/2012;2,06;3,40;14,16
13/04/2012;2,00;3,29;13,76
16/04/2012;2,00;3,27;13,95
17/04/2012;2,06;3,40;14,27
18/04/2012;1,90;3,26;13,86
19/04/2012;1,84;3,14;13,76
20/04/2012;1,90;3,22;13,94
23/04/2012;1,84;3,17;13,65
24/04/2012;1,87;3,26;13,73
25/04/2012;1,90;3,33;13,53
26/04/2012;1,88;3,22;13,64
27/04/2012;1,90;3,28;13,67
30/04/2012;1,86;3,20;13,59
01/05/2012;1,86;3,20;13,59
02/05/2012;1,80;3,09;13,51
03/05/2012;1,82;3,10;13,81
04/05/2012;1,84;3,17;13,49
07/05/2012;1,89;3,32;13,60
08/05/2012;1,86;3,30;13,51
09/05/2012;1,80;3,15;13,51
10/05/2012;1,86;3,33;13,55
11/05/2012;1,85;3,30;13,74
14/05/2012;1,80;3,20;13,49
15/05/2012;1,76;3,12;13,79
16/05/2012;1,75;3,06;13,52
17/05/2012;1,73;3,01;13,50
18/05/2012;1,79;3,10;13,43
21/05/2012;1,77;3,06;13,30
22/05/2012;1,82;3,13;13,68
23/05/2012;1,76;3,04;13,56
24/05/2012;1,79;3,08;13,76
25/05/2012;1,79;3,09;13,81
28/05/2012;1,72;2,99;13,80
29/05/2012;1,67;2,91;13,82
30/05/2012;1,61;2,88;13,35
31/05/2012;1,63;2,91;13,36
01/06/2012;1,63;2,93;13,00
04/06/2012;1,70;3,07;13,00
05/06/2012;1,68;3,11;13,07
06/06/2012;1,73;3,19;13,31
07/06/2012;1,70;3,24;13,47
08/06/2012;1,79;3,29;13,48
11/06/2012;1,77;3,28;13,48
12/06/2012;1,78;3,26;13,52
13/06/2012;1,78;3,31;15,08
14/06/2012;1,80;3,37;15,33
15/06/2012;1,85;3,34;15,22
18/06/2012;1,75;3,18;15,13
19/06/2012;1,84;3,27;15,60
20/06/2012;1,85;3,36;15,56
21/06/2012;1,86;3,36;15,45
22/06/2012;1,92;3,40;15,38
25/06/2012;1,83;3,24;15,44
26/06/2012;1,80;3,19;15,53
27/06/2012;1,84;3,29;15,69
28/06/2012;1,88;3,31;15,63
29/06/2012;1,97;3,54;16,31
02/07/2012;1,96;3,56;16,27
03/07/2012;1,98;3,61;16,49
04/07/2012;1,95;3,60;16,36
05/07/2012;1,88;3,45;16,08
06/07/2012;1,83;3,32;15,93
09/07/2012;1,81;3,26;15,79
10/07/2012;1,82;3,25;15,99
11/07/2012;1,85;3,31;16,16
12/07/2012;1,74;3,24;15,90
13/07/2012;1,77;3,26;16,16
16/07/2012;1,70;3,15;16,10
17/07/2012;1,74;3,16;16,16
18/07/2012;1,74;3,16;16,30
19/07/2012;1,73;3,16;16,60
20/07/2012;1,61;2,93;16,01
23/07/2012;1,56;2,96;15,93
24/07/2012;1,48;2,82;15,58
25/07/2012;1,47;2,85;16,02
26/07/2012;1,57;3,15;16,37
27/07/2012;1,62;3,34;16,62
30/07/2012;1,65;3,48;17,31
31/07/2012;1,63;3,46;16,77
01/08/2012;1,61;3,47;16,61
02/08/2012;1,50;3,24;16,26
03/08/2012;1,59;3,49;17,14
06/08/2012;1,72;3,63;17,80
07/08/2012;1,76;3,74;18,12
08/08/2012;1,74;3,73;17,70
09/08/2012;1,72;3,71;17,50
10/08/2012;1,69;3,70;17,19
13/08/2012;1,69;3,73;17,29
14/08/2012;1,70;3,77;17,09
15/08/2012;1,69;3,77;17,03
16/08/2012;1,80;3,92;17,30
17/08/2012;1,85;4,00;17,41
20/08/2012;1,85;3,94;17,24
21/08/2012;1,85;3,99;17,89
22/08/2012;1,77;3,88;17,41
23/08/2012;1,73;3,91;17,23
24/08/2012;1,73;3,88;17,44
27/08/2012;1,76;3,92;17,69
28/08/2012;1,75;3,89;17,41
29/08/2012;1,73;3,83;17,42
30/08/2012;1,70;3,74;17,32
31/08/2012;1,75;3,96;17,68
03/09/2012;1,78;3,97;17,87
04/09/2012;1,83;3,98;17,79
05/09/2012;1,81;4,00;18,14
06/09/2012;1,93;4,18;19,11
07/09/2012;1,99;4,25;17,83
10/09/2012;1,94;4,24;17,80
11/09/2012;1,97;4,32;17,88
12/09/2012;2,02;4,37;17,34
13/09/2012;2,00;4,29;17,44
14/09/2012;2,09;4,40;17,90
17/09/2012;2,09;4,36;18,27
18/09/2012;2,07;4,26;18,39
19/09/2012;2,08;4,27;19,06
20/09/2012;2,05;4,22;19,40
21/09/2012;2,09;4,37;19,88
24/09/2012;2,08;4,31;19,52
25/09/2012;2,10;4,34;19,94
26/09/2012;2,03;4,14;19,78
27/09/2012;2,02;4,14;19,23
28/09/2012;1,95;4,05;19,33
01/10/2012;1,98;4,11;19,59
02/10/2012;2,04;4,15;19,63
03/10/2012;2,07;4,10;19,35
04/10/2012;2,04;4,10;19,87
05/10/2012;2,10;4,24;19,99
08/10/2012;2,09;4,18;20,13
09/10/2012;2,05;4,08;19,80
10/10/2012;2,06;4,01;19,72
11/10/2012;2,09;4,09;19,60
12/10/2012;2,07;4,01;19,46
15/10/2012;2,09;4,06;19,34
16/10/2012;2,18;4,24;19,70
17/10/2012;2,25;4,40;19,83
18/10/2012;2,26;4,33;19,94
19/10/2012;2,20;4,20;19,48
22/10/2012;2,20;4,15;19,52
23/10/2012;2,15;4,11;19,13
24/10/2012;2,18;4,15;19,18
25/10/2012;2,20;4,12;19,39
26/10/2012;2,20;4,10;19,46
29/10/2012;2,19;4,05;19,51
30/10/2012;2,21;4,14;19,70
31/10/2012;2,21;4,15;19,69
01/11/2012;2,21;4,17;19,89
02/11/2012;2,21;4,20;20,48
05/11/2012;2,17;4,10;20,00
06/11/2012;2,17;4,11;19,98
07/11/2012;2,13;3,96;19,57
08/11/2012;2,13;3,96;19,44
09/11/2012;2,10;3,95;20,00
12/11/2012;2,09;3,90;19,73
13/11/2012;2,14;4,04;19,98
14/11/2012;2,15;4,01;19,96
15/11/2012;2,16;4,03;19,93
16/11/2012;2,12;3,93;19,70
19/11/2012;2,19;4,06;20,29
20/11/2012;2,19;4,07;20,30
21/11/2012;2,21;4,10;20,23
22/11/2012;2,21;4,14;20,60
23/11/2012;2,23;4,17;20,49
26/11/2012;2,21;4,14;20,60
27/11/2012;2,19;4,14;20,50
28/11/2012;2,14;4,13;20,79
29/11/2012;2,13;4,23;21,13
30/11/2012;2,11;4,24;21,08
03/12/2012;2,10;4,23;20,74
04/12/2012;2,12;4,25;20,15
05/12/2012;2,11;4,22;19,73
06/12/2012;2,12;4,23;19,98
07/12/2012;2,11;4,20;20,16
10/12/2012;2,11;4,12;20,16
11/12/2012;2,15;4,16;20,72
12/12/2012;2,17;4,20;20,77
13/12/2012;2,20;4,23;20,64
14/12/2012;2,20;4,23;20,70
17/12/2012;2,19;4,18;21,13
18/12/2012;2,24;4,27;21,65
19/12/2012;2,26;4,31;21,69
20/12/2012;2,28;4,33;21,57
21/12/2012;2,34;4,38;21,14
24/12/2012;2,31;4,37;21,53
25/12/2012;2,31;4,37;21,53
26/12/2012;2,31;4,37;21,53
27/12/2012;2,33;4,37;21,59
28/12/2012;2,29;4,31;20,87
31/12/2012;2,32;4,38;21,10
01/01/2013;2,32;4,38;21,10
02/01/2013;2,38;4,54;21,86
03/01/2013;2,36;4,52;21,50
04/01/2013;2,36;4,54;21,32
07/01/2013;2,35;4,54;20,66
08/01/2013;2,34;4,55;21,12
09/01/2013;2,36;4,59;21,11
10/01/2013;2,35;4,65;21,08
11/01/2013;2,34;4,73;21,11
14/01/2013;2,34;4,75;20,85
15/01/2013;2,34;4,73;20,94
16/01/2013;2,33;4,73;20,89
17/01/2013;2,35;4,74;21,09
18/01/2013;2,33;4,73;21,13
21/01/2013;2,36;4,75;21,23
22/01/2013;2,33;4,73;21,50
23/01/2013;2,30;4,73;21,48
24/01/2013;2,33;4,77;21,49
25/01/2013;2,36;4,81;21,47
28/01/2013;2,33;4,79;21,01
29/01/2013;2,35;4,77;20,62
30/01/2013;2,33;4,70;21,13
31/01/2013;2,28;4,54;20,64
01/02/2013;2,21;4,44;20,25
04/02/2013;2,11;4,18;20,18
05/02/2013;2,17;4,31;20,82
06/02/2013;2,14;4,29;20,70
07/02/2013;2,13;4,26;20,61
08/02/2013;2,16;4,41;20,84
11/02/2013;2,13;4,34;20,42
12/02/2013;2,18;4,41;21,11
13/02/2013;2,20;4,43;21,08
14/02/2013;2,19;4,39;20,77
15/02/2013;2,11;4,33;20,70
18/02/2013;2,11;4,30;20,47
19/02/2013;2,15;4,39;20,49
20/02/2013;2,12;4,31;20,13
21/02/2013;2,07;4,20;19,95
22/02/2013;2,14;4,30;20,44
25/02/2013;2,16;4,33;20,72
26/02/2013;2,07;4,13;20,21
27/02/2013;2,12;4,24;20,26
28/02/2013;2,17;4,27;20,53
01/03/2013;2,14;4,21;20,87
04/03/2013;2,18;4,23;20,80
05/03/2013;2,23;4,31;21,52
06/03/2013;2,22;4,25;21,22
07/03/2013;2,24;4,26;21,32
08/03/2013;2,33;4,40;21,71
11/03/2013;2,29;4,34;21,42
12/03/2013;2,27;4,31;21,69
13/03/2013;2,28;4,28;21,13
14/03/2013;2,35;4,39;20,77
15/03/2013;2,35;4,39;20,46
18/03/2013;2,33;4,28;20,63
19/03/2013;2,29;4,13;20,36
20/03/2013;2,31;4,20;20,62
21/03/2013;2,28;4,15;20,23
22/03/2013;2,29;4,11;20,21
25/03/2013;2,18;3,98;20,18
26/03/2013;2,13;3,89;20,32
27/03/2013;2,09;3,84;20,22
28/03/2013;2,08;3,85;20,68
29/03/2013;2,08;3,85;20,68
01/04/2013;2,08;3,85;20,68
02/04/2013;2,13;3,96;20,86
03/04/2013;2,08;3,84;20,93
04/04/2013;2,10;3,82;20,54
05/04/2013;2,14;3,81;20,21
08/04/2013;2,11;3,82;20,19
09/04/2013;2,15;3,86;19,95
10/04/2013;2,25;4,05;19,96
11/04/2013;2,24;4,07;20,13
12/04/2013;2,23;3,97;20,23
15/04/2013;2,23;3,97;20,15
16/04/2013;2,20;3,96;19,70
17/04/2013;2,14;3,90;18,90
18/04/2013;2,15;3,91;18,57
19/04/2013;2,17;3,95;19,39
22/04/2013;2,22;4,01;19,40
23/04/2013;2,28;4,22;19,91
24/04/2013;2,32;4,25;20,11
25/04/2013;2,32;4,15;20,23
26/04/2013;2,30;4,10;20,25
29/04/2013;2,35;4,20;20,45
30/04/2013;2,35;4,15;20,41
01/05/2013;2,35;4,15;20,41
02/05/2013;2,36;4,15;20,12
03/05/2013;2,41;4,22;20,68
06/05/2013;2,40;4,20;20,56
07/05/2013;2,42;4,25;20,31
08/05/2013;2,44;4,26;20,75
09/05/2013;2,42;4,23;20,40
10/05/2013;2,44;4,16;20,60
13/05/2013;2,41;4,07;20,67
14/05/2013;2,41;4,04;20,87
15/05/2013;2,44;4,11;21,10
16/05/2013;2,43;4,12;20,56
17/05/2013;2,45;4,16;20,94
20/05/2013;2,44;4,13;20,41
21/05/2013;2,43;4,12;20,36
22/05/2013;2,41;4,14;20,18
23/05/2013;2,40;4,07;19,81
24/05/2013;2,40;4,01;19,55
27/05/2013;2,44;4,09;19,67
28/05/2013;2,48;4,22;19,72
29/05/2013;2,44;4,23;19,46
30/05/2013;2,42;4,22;19,66
31/05/2013;2,39;4,19;19,16
03/06/2013;2,38;4,16;19,44
04/06/2013;2,40;4,22;19,58
05/06/2013;2,39;4,17;19,82
06/06/2013;2,39;4,11;19,70
07/06/2013;2,42;4,14;20,01
10/06/2013;2,42;4,09;20,00
11/06/2013;2,36;4,01;19,57
12/06/2013;2,37;4,00;20,26
13/06/2013;2,38;3,97;19,90
14/06/2013;2,38;4,00;19,53
17/06/2013;2,43;4,01;19,54
18/06/2013;2,44;4,03;19,54
19/06/2013;2,42;3,97;19,57
20/06/2013;2,36;3,81;19,06
21/06/2013;2,31;3,75;18,54
24/06/2013;2,27;3,66;18,35
25/06/2013;2,25;3,68;18,84
26/06/2013;2,32;3,82;19,20
27/06/2013;2,34;3,76;19,25
28/06/2013;2,33;3,71;18,97
01/07/2013;2,35;3,82;19,52
02/07/2013;2,31;3,83;19,23
03/07/2013;2,28;3,74;19,19
04/07/2013;2,34;3,89;19,76
05/07/2013;2,30;3,79;19,38
08/07/2013;2,34;3,90;19,74
09/07/2013;2,35;3,90;19,48
10/07/2013;2,35;3,85;19,72
11/07/2013;2,37;3,87;19,97
12/07/2013;2,29;3,81;19,50
15/07/2013;2,28;3,83;19,83
16/07/2013;2,28;3,80;19,51
17/07/2013;2,26;3,85;19,60
18/07/2013;2,31;3,92;19,72
19/07/2013;2,31;3,90;19,61
22/07/2013;2,32;3,91;19,57
23/07/2013;2,35;4,00;19,55
24/07/2013;2,37;4,10;19,78
25/07/2013;2,39;4,21;19,84
26/07/2013;2,42;4,25;19,97
29/07/2013;2,42;4,25;20,30
30/07/2013;2,45;4,28;20,59
31/07/2013;2,46;4,28;20,04
01/08/2013;2,48;4,31;20,37
02/08/2013;2,49;4,32;20,58
05/08/2013;2,48;4,29;20,53
06/08/2013;2,48;4,29;20,75
07/08/2013;2,49;4,32;20,75
08/08/2013;2,51;4,39;20,69
09/08/2013;2,52;4,42;20,64
12/08/2013;2,51;4,41;20,69
13/08/2013;2,52;4,44;20,79
14/08/2013;2,51;4,49;20,75
15/08/2013;2,52;4,43;20,78
16/08/2013;2,54;4,54;20,55
19/08/2013;2,51;4,41;20,54
20/08/2013;2,48;4,31;20,22
21/08/2013;2,46;4,28;20,08
22/08/2013;2,50;4,37;20,70
23/08/2013;2,53;4,42;20,47
26/08/2013;2,52;4,38;20,60
27/08/2013;2,46;4,22;20,08
28/08/2013;2,46;4,23;19,96
29/08/2013;2,45;4,23;20,13
30/08/2013;2,38;4,16;20,03
02/09/2013;2,39;4,25;20,40
03/09/2013;2,39;4,22;20,57
04/09/2013;2,40;4,25;20,90
05/09/2013;2,40;4,27;20,76
06/09/2013;2,43;4,34;21,11
09/09/2013;2,43;4,32;21,11
10/09/2013;2,47;4,43;21,62
11/09/2013;2,51;4,47;21,41
12/09/2013;2,51;4,49;21,52
13/09/2013;2,51;4,49;22,00
16/09/2013;2,52;4,51;22,13
17/09/2013;2,52;4,51;22,04
18/09/2013;2,53;4,58;22,22
19/09/2013;2,56;4,64;22,67
20/09/2013;2,54;4,65;22,48
23/09/2013;2,52;4,60;22,61
24/09/2013;2,54;4,65;22,65
25/09/2013;2,55;4,72;22,90
26/09/2013;2,57;4,74;22,84
27/09/2013;2,57;4,74;22,74
30/09/2013;2,54;4,70;22,78
01/10/2013;2,58;4,80;22,87
02/10/2013;2,57;4,82;22,60
03/10/2013;2,54;4,78;22,60
04/10/2013;2,55;4,93;22,57
07/10/2013;2,55;4,93;22,36
08/10/2013;2,52;4,88;22,27
09/10/2013;2,57;4,95;22,60
10/10/2013;2,64;5,12;22,82
11/10/2013;2,65;5,08;22,91
14/10/2013;2,65;5,14;22,80
15/10/2013;2,67;5,23;22,98
16/10/2013;2,71;5,35;22,96
17/10/2013;2,71;5,37;23,20
18/10/2013;2,73;5,41;23,67
21/10/2013;2,73;5,39;23,53
22/10/2013;2,71;5,35;23,55
23/10/2013;2,65;5,22;23,48
24/10/2013;2,67;5,28;23,56
25/10/2013;2,66;5,21;23,67
28/10/2013;2,68;5,07;23,85
29/10/2013;2,75;5,18;23,93
30/10/2013;2,72;5,13;23,90
31/10/2013;2,74;5,22;24,20
01/11/2013;2,75;5,18;23,90
04/11/2013;2,76;5,19;23,78
05/11/2013;2,77;5,13;23,71
06/11/2013;2,78;5,19;23,90
07/11/2013;2,75;5,16;23,40
08/11/2013;2,78;5,12;23,23
11/11/2013;2,78;5,16;23,29
12/11/2013;2,77;5,11;23,11
13/11/2013;2,77;5,10;23,17
14/11/2013;2,80;5,10;23,70
15/11/2013;2,79;5,10;23,56
18/11/2013;2,81;5,18;23,66
19/11/2013;2,78;5,07;23,15
20/11/2013;2,78;5,06;23,08
21/11/2013;2,78;5,09;23,00
22/11/2013;2,80;5,13;23,13
25/11/2013;2,80;5,14;23,10
26/11/2013;2,78;5,13;23,12
27/11/2013;2,79;5,20;23,18
28/11/2013;2,79;5,26;23,40
29/11/2013;2,78;5,22;23,47
02/12/2013;2,72;5,17;23,20
03/12/2013;2,68;5,09;23,02
04/12/2013;2,66;5,05;23,15
05/12/2013;2,63;4,95;22,83
06/12/2013;2,64;4,97;22,73
09/12/2013;2,65;5,02;23,19
10/12/2013;2,65;4,98;22,85
11/12/2013;2,63;4,91;22,59
12/12/2013;2,62;4,84;22,18
13/12/2013;2,63;4,82;22,19
16/12/2013;2,66;4,93;22,65
17/12/2013;2,65;4,85;22,42
18/12/2013;2,66;4,93;22,60
19/12/2013;2,70;5,04;23,17
20/12/2013;2,69;5,09;23,20
23/12/2013;2,71;5,12;23,37
24/12/2013;2,73;5,15;23,57
25/12/2013;2,73;5,15;23,57
26/12/2013;2,73;5,15;23,57
27/12/2013;2,74;5,20;23,80
30/12/2013;2,74;5,19;23,81
31/12/2013;2,75;5,19;23,96
01/01/2014;2,75;5,19;23,96
02/01/2014;2,72;5,08;23,72
03/01/2014;2,73;5,12;23,78
06/01/2014;2,74;5,18;23,66
07/01/2014;2,79;5,37;23,89
08/01/2014;2,79;5,42;23,73
09/01/2014;2,79;5,37;23,67
10/01/2014;2,82;5,39;23,70
13/01/2014;2,82;5,44;23,58
14/01/2014;2,83;5,44;23,70
15/01/2014;2,85;5,58;23,91
16/01/2014;2,85;5,50;23,90
17/01/2014;2,86;5,48;23,78
20/01/2014;2,83;5,48;23,98
21/01/2014;2,82;5,45;23,98
22/01/2014;2,81;5,40;23,77
23/01/2014;2,83;5,37;23,33
24/01/2014;2,76;5,18;22,63
27/01/2014;2,76;5,12;22,24
28/01/2014;2,77;5,20;22,27
29/01/2014;2,77;5,22;22,44
30/01/2014;2,79;5,25;22,27
31/01/2014;2,79;5,24;22,14
03/02/2014;2,75;5,08;21,64
04/02/2014;2,74;5,12;21,58
05/02/2014;2,72;5,18;21,60
06/02/2014;2,76;5,29;21,93
07/02/2014;2,78;5,35;22,30
10/02/2014;2,77;5,26;22,00
11/02/2014;2,77;5,34;22,17
12/02/2014;2,78;5,32;22,23
13/02/2014;2,78;5,34;22,17
14/02/2014;2,81;5,34;22,27
17/02/2014;2,81;5,36;21,91
18/02/2014;2,81;5,32;21,03
19/02/2014;2,85;5,31;20,93
20/02/2014;2,85;5,31;21,14
21/02/2014;2,85;5,29;21,20
24/02/2014;2,89;5,37;21,23
25/02/2014;2,91;5,41;21,11
26/02/2014;2,93;5,38;21,01
27/02/2014;2,94;5,37;20,70
28/02/2014;2,93;5,36;20,86
03/03/2014;2,90;5,21;20,63
04/03/2014;2,93;5,34;21,14
05/03/2014;2,94;5,41;21,21
06/03/2014;2,95;5,46;21,39
07/03/2014;2,94;5,36;21,14
10/03/2014;2,95;5,40;20,97
11/03/2014;2,95;5,35;20,95
12/03/2014;2,94;5,30;20,67
13/03/2014;2,91;5,26;20,42
14/03/2014;2,93;5,20;20,33
17/03/2014;2,98;5,25;20,67
18/03/2014;2,99;5,32;20,62
19/03/2014;2,99;5,31;21,62
20/03/2014;3,00;5,32;21,42
21/03/2014;3,00;5,32;21,65
24/03/2014;2,96;5,26;21,60
25/03/2014;2,97;5,33;21,96
26/03/2014;3,01;5,44;22,06
27/03/2014;3,05;5,47;22,08
28/03/2014;3,10;5,58;22,00
31/03/2014;3,09;5,65;21,78
01/04/2014;3,09;5,75;21,94
02/04/2014;3,09;5,73;22,04
03/04/2014;3,10;5,84;22,42
04/04/2014;3,10;5,91;22,71
07/04/2014;3,09;5,86;22,26
08/04/2014;3,06;5,86;21,90
09/04/2014;3,05;5,84;21,78
10/04/2014;2,94;5,77;21,60
11/04/2014;2,92;5,77;21,07
14/04/2014;2,93;5,84;21,23
15/04/2014;2,93;5,78;21,18
16/04/2014;2,95;5,88;21,24
17/04/2014;2,95;5,89;21,23
18/04/2014;2,95;5,89;21,23
21/04/2014;2,95;5,89;21,23
22/04/2014;2,99;5,94;21,48
23/04/2014;3,02;5,88;21,45
24/04/2014;3,02;5,92;21,53
25/04/2014;3,00;5,82;21,41
28/04/2014;3,01;5,88;21,54
29/04/2014;3,04;5,97;21,56
30/04/2014;3,07;5,98;21,63
01/05/2014;3,07;5,98;21,63
02/05/2014;3,09;5,97;21,29
05/05/2014;3,10;5,97;21,22
06/05/2014;3,11;5,93;21,09
07/05/2014;3,11;5,97;21,11
08/05/2014;3,16;6,11;21,35
09/05/2014;3,14;6,04;21,41
12/05/2014;3,16;6,06;21,54
13/05/2014;3,16;6,11;21,51
14/05/2014;3,16;6,15;21,56
15/05/2014;3,12;5,96;21,27
16/05/2014;3,14;6,10;21,46
19/05/2014;3,13;6,05;21,09
20/05/2014;3,15;6,13;20,73
21/05/2014;3,16;6,18;20,87
22/05/2014;3,16;6,11;21,00
23/05/2014;3,17;6,15;20,96
26/05/2014;3,19;6,22;21,24
27/05/2014;3,18;6,24;21,21
28/05/2014;3,19;6,28;21,33
29/05/2014;3,19;6,24;21,33
30/05/2014;3,21;6,28;21,30
02/06/2014;3,23;6,28;21,22
03/06/2014;3,22;6,27;21,27
04/06/2014;3,22;6,28;21,11
05/06/2014;3,24;6,34;21,28
06/06/2014;3,27;6,52;21,50
09/06/2014;3,29;6,58;21,75
10/06/2014;3,31;6,57;22,05
11/06/2014;3,30;6,54;22,30
12/06/2014;3,31;6,53;22,25
13/06/2014;3,33;6,56;22,25
16/06/2014;3,31;6,46;22,06
17/06/2014;3,33;6,46;22,13
18/06/2014;3,35;6,45;22,24
19/06/2014;3,38;6,56;22,60
20/06/2014;3,36;6,54;22,50
23/06/2014;3,36;6,52;22,50
24/06/2014;3,38;6,55;22,50
25/06/2014;3,37;6,44;22,34
26/06/2014;3,40;6,42;22,47
27/06/2014;3,40;6,38;22,46
30/06/2014;3,40;6,37;22,48
01/07/2014;3,41;6,47;22,49
02/07/2014;3,41;6,45;22,42
03/07/2014;3,38;6,55;22,92
04/07/2014;3,38;6,45;22,89
07/07/2014;3,36;6,37;22,62
08/07/2014;3,34;6,26;22,35
09/07/2014;3,33;6,35;22,42
10/07/2014;3,30;6,20;22,21
11/07/2014;3,33;6,21;22,09
14/07/2014;3,33;6,28;22,11
15/07/2014;3,33;6,21;21,93
16/07/2014;3,36;6,33;22,29
17/07/2014;3,34;6,22;22,09
18/07/2014;3,36;6,25;21,98
21/07/2014;3,36;6,20;21,82
22/07/2014;3,40;6,33;21,93
23/07/2014;3,42;6,34;22,00
24/07/2014;3,49;6,47;22,22
25/07/2014;3,49;6,49;22,29
28/07/2014;3,48;6,47;22,49
29/07/2014;3,50;6,50;22,29
30/07/2014;3,51;6,56;22,34
31/07/2014;3,46;6,43;21,86
01/08/2014;3,42;6,31;21,39
04/08/2014;3,45;6,30;21,25
05/08/2014;3,42;6,22;21,23
06/08/2014;3,38;6,18;21,13
07/08/2014;3,35;6,07;20,90
08/08/2014;3,33;6,13;20,89
11/08/2014;3,34;6,15;21,20
12/08/2014;3,34;6,15;21,50
13/08/2014;3,36;6,21;21,47
14/08/2014;3,36;6,20;21,49
15/08/2014;3,36;6,13;21,41
18/08/2014;3,38;6,23;21,70
19/08/2014;3,38;6,24;21,81
20/08/2014;3,39;6,24;21,86
21/08/2014;3,43;6,34;22,13
22/08/2014;3,41;6,30;21,72
25/08/2014;3,45;6,45;21,98
26/08/2014;3,47;6,54;22,39
27/08/2014;3,47;6,56;22,32
28/08/2014;3,47;6,46;22,11
29/08/2014;3,47;6,46;22,05
01/09/2014;3,48;6,47;22,20
02/09/2014;3,47;6,45;22,33
03/09/2014;3,51;6,54;22,49
04/09/2014;3,55;6,71;22,80
05/09/2014;3,57;6,72;23,18
08/09/2014;3,53;6,70;22,97
09/09/2014;3,49;6,60;22,86
10/09/2014;3,47;6,56;23,06
11/09/2014;3,47;6,51;23,03
12/09/2014;3,45;6,54;23,18
15/09/2014;3,45;6,52;23,51
16/09/2014;3,43;6,49;23,31
17/09/2014;3,45;6,54;22,82
18/09/2014;3,47;6,62;22,70
19/09/2014;3,49;6,60;22,59
22/09/2014;3,50;6,57;22,54
23/09/2014;3,47;6,49;22,03
24/09/2014;3,48;6,54;22,24
25/09/2014;3,46;6,52;21,90
26/09/2014;3,48;6,57;21,87
29/09/2014;3,47;6,40;21,53
30/09/2014;3,53;6,48;21,88
01/10/2014;3,51;6,43;21,59
02/10/2014;3,44;6,18;20,95
03/10/2014;3,45;6,29;21,40
06/10/2014;3,46;6,34;21,78
07/10/2014;3,42;6,19;21,35
08/10/2014;3,40;6,15;21,02
09/10/2014;3,39;6,10;20,92
10/10/2014;3,37;6,06;20,76
13/10/2014;3,38;6,09;20,65
14/10/2014;3,40;6,09;20,66
15/10/2014;3,32;5,84;20,07
16/10/2014;3,25;5,73;19,89
17/10/2014;3,27;5,93;20,67
20/10/2014;3,30;5,93;20,54
21/10/2014;3,36;6,05;21,04
22/10/2014;3,38;6,08;21,13
23/10/2014;3,41;6,12;21,28
24/10/2014;3,41;6,13;21,32
27/10/2014;3,40;5,97;21,15
28/10/2014;3,44;6,06;21,76
29/10/2014;3,44;5,97;21,76
30/10/2014;3,45;5,95;21,81
31/10/2014;3,51;6,11;22,42
03/11/2014;3,46;6,08;21,90
04/11/2014;3,44;5,87;21,41
05/11/2014;3,46;5,95;21,84
06/11/2014;3,48;5,90;21,87
07/11/2014;3,43;5,78;21,63
10/11/2014;3,46;5,86;22,13
11/11/2014;3,47;5,91;22,34
12/11/2014;3,42;5,77;22,09
13/11/2014;3,41;5,77;22,23
14/11/2014;3,41;5,80;22,05
17/11/2014;3,45;5,89;22,49
18/11/2014;3,47;5,93;23,04
19/11/2014;3,49;5,92;22,80
20/11/2014;3,46;5,81;22,48
21/11/2014;3,57;6,02;23,14
24/11/2014;3,63;6,17;23,35
25/11/2014;3,65;6,23;23,25
26/11/2014;3,64;6,21;23,13
27/11/2014;3,67;6,25;23,27
28/11/2014;3,70;6,31;23,42
01/12/2014;3,69;6,24;23,39
02/12/2014;3,71;6,33;23,39
03/12/2014;3,72;6,42;23,58
04/12/2014;3,71;6,21;23,05
05/12/2014;3,75;6,42;23,58
08/12/2014;3,74;6,34;23,38
09/12/2014;3,60;6,12;22,63
10/12/2014;3,59;6,07;22,35
11/12/2014;3,57;6,10;23,30
12/12/2014;3,50;5,90;22,59
15/12/2014;3,43;5,77;22,08
16/12/2014;3,49;5,93;22,44
17/12/2014;3,50;5,94;22,29
18/12/2014;3,58;6,16;23,55
19/12/2014;3,56;6,17;23,64
22/12/2014;3,57;6,17;23,75
23/12/2014;3,61;6,25;23,91
24/12/2014;3,61;6,24;23,91
25/12/2014;3,61;6,24;23,91
26/12/2014;3,61;6,24;23,91
29/12/2014;3,58;6,21;23,85
30/12/2014;3,55;6,11;23,73
31/12/2014;3,56;6,09;23,71
01/01/2015;3,56;6,09;23,71
02/01/2015;3,56;6,12;23,79
05/01/2015;3,49;5,84;22,98
06/01/2015;3,48;5,74;22,70
07/01/2015;3,47;5,77;22,96
08/01/2015;3,54;5,96;23,92
09/01/2015;3,50;5,12;23,47
12/01/2015;3,50;5,26;23,62
13/01/2015;3,52;5,35;24,33
14/01/2015;3,48;5,29;24,57
15/01/2015;3,51;5,36;24,43
16/01/2015;3,55;5,35;24,53
19/01/2015;3,60;5,39;24,75
20/01/2015;3,63;5,42;25,42
21/01/2015;3,67;5,38;25,97
22/01/2015;3,79;5,45;26,11
23/01/2015;3,88;5,53;26,60
26/01/2015;3,90;5,56;27,04
27/01/2015;3,90;5,47;26,62
28/01/2015;3,90;5,30;26,46
29/01/2015;3,93;5,36;26,29
30/01/2015;3,89;5,30;26,14
02/02/2015;3,85;5,28;26,12
03/02/2015;3,89;5,52;26,61
04/02/2015;3,87;5,50;26,47
05/02/2015;3,82;5,44;26,40
06/02/2015;3,81;5,46;26,22
09/02/2015;3,72;5,35;25,64
10/02/2015;3,75;5,40;26,41
11/02/2015;3,67;5,32;25,85
12/02/2015;3,71;5,46;26,32
13/02/2015;3,72;5,60;26,65
16/02/2015;3,67;5,59;26,40
17/02/2015;3,70;5,61;26,41
18/02/2015;3,68;5,70;26,89
19/02/2015;3,77;5,74;27,58
20/02/2015;3,75;5,70;27,30
23/02/2015;3,79;5,74;27,79
24/02/2015;3,88;5,75;28,15
25/02/2015;3,84;5,71;27,92
26/02/2015;3,88;5,78;28,04
27/02/2015;3,88;5,81;28,09
02/03/2015;3,85;5,82;28,40
03/03/2015;3,79;5,72;28,18
04/03/2015;3,82;5,78;27,77
05/03/2015;3,84;5,81;27,88
06/03/2015;3,77;5,77;28,06
09/03/2015;3,77;5,77;27,79
10/03/2015;3,75;5,62;27,36
11/03/2015;3,81;5,70;27,65
12/03/2015;3,78;5,73;27,63
13/03/2015;3,78;5,72;28,16
16/03/2015;3,79;5,77;28,81
17/03/2015;3,77;5,75;28,17
18/03/2015;3,83;5,74;29,15
19/03/2015;3,82;5,77;29,60
20/03/2015;3,94;6,05;30,21
23/03/2015;3,91;6,08;30,04
24/03/2015;3,92;6,17;30,25
25/03/2015;3,88;6,11;29,71
26/03/2015;3,84;6,15;29,62
27/03/2015;3,84;6,12;29,65
30/03/2015;3,82;6,21;29,82
31/03/2015;3,81;6,24;29,88
01/04/2015;3,83;6,25;29,71
02/04/2015;3,83;6,29;30,19
03/04/2015;3,83;6,29;30,19
06/04/2015;3,83;6,29;30,19
07/04/2015;3,90;6,34;30,54
08/04/2015;3,85;6,28;30,35
09/04/2015;3,88;6,30;30,69
10/04/2015;3,90;6,28;30,88
13/04/2015;3,93;6,36;30,98
14/04/2015;3,91;6,23;30,61
15/04/2015;3,92;6,27;30,91
16/04/2015;3,87;6,15;30,34
17/04/2015;3,81;5,96;29,43
20/04/2015;3,82;5,98;29,35
21/04/2015;3,83;5,96;29,49
22/04/2015;3,82;5,96;29,16
23/04/2015;3,82;5,98;29,08
24/04/2015;3,88;6,06;29,28
27/04/2015;3,90;6,15;29,93
28/04/2015;3,89;6,23;29,52
29/04/2015;3,85;6,12;28,71
30/04/2015;3,80;6,14;28,68
01/05/2015;3,80;6,14;28,68
04/05/2015;3,82;6,14;28,61
05/05/2015;3,72;5,93;27,71
06/05/2015;3,71;5,99;27,86
07/05/2015;3,74;6,00;28,03
08/05/2015;3,87;6,18;29,05
11/05/2015;3,89;6,17;28,92
12/05/2015;3,88;6,08;28,80
13/05/2015;3,91;6,06;28,60
14/05/2015;3,93;6,12;28,95
15/05/2015;3,94;6,04;28,66
18/05/2015;3,95;6,01;29,00
19/05/2015;4,02;6,11;29,70
20/05/2015;4,09;6,15;30,22
21/05/2015;4,09;6,17;30,48
22/05/2015;4,07;6,14;30,48
25/05/2015;3,97;6,01;30,05
26/05/2015;3,94;5,95;30,07
27/05/2015;4,02;6,06;30,90
28/05/2015;4,03;5,99;30,74
29/05/2015;4,00;5,89;30,16
01/06/2015;4,00;5,87;30,81
02/06/2015;3,98;5,95;30,66
03/06/2015;3,98;6,00;30,58
04/06/2015;3,92;5,97;30,36
05/06/2015;3,88;5,94;30,01
08/06/2015;3,87;5,85;29,64
09/06/2015;3,85;5,86;30,00
10/06/2015;3,90;5,97;29,86
11/06/2015;3,92;5,98;30,23
12/06/2015;3,90;5,89;29,41
15/06/2015;3,82;5,76;29,06
16/06/2015;3,84;5,76;29,10
17/06/2015;3,82;5,73;28,94
18/06/2015;3,84;5,78;29,13
19/06/2015;3,85;5,82;29,47
22/06/2015;4,04;6,17;30,62
23/06/2015;4,02;6,18;30,96
24/06/2015;4,03;6,12;30,69
25/06/2015;4,03;6,12;30,39
26/06/2015;4,04;6,16;30,72
29/06/2015;3,88;5,75;29,43
30/06/2015;3,84;5,69;29,16
01/07/2015;3,88;5,82;29,36
02/07/2015;3,91;5,79;28,96
03/07/2015;3,88;5,74;28,84
06/07/2015;3,80;5,58;28,34
07/07/2015;3,76;5,45;27,85
08/07/2015;3,81;5,48;27,98
09/07/2015;3,91;5,68;28,60
10/07/2015;4,01;5,89;29,68
13/07/2015;4,01;6,01;30,10
14/07/2015;4,03;5,98;30,47
15/07/2015;4,10;6,03;30,48
16/07/2015;4,15;6,15;31,09
17/07/2015;4,15;6,10;31,09
20/07/2015;4,18;6,15;31,14
21/07/2015;4,15;6,08;30,96
22/07/2015;4,17;6,11;30,95
23/07/2015;4,16;6,07;30,92
24/07/2015;4,14;5,96;30,70
27/07/2015;4,11;5,82;30,22
28/07/2015;4,13;5,88;30,39
29/07/2015;4,14;5,91;30,76
30/07/2015;4,15;5,71;30,80
31/07/2015;4,16;5,71;31,18
03/08/2015;4,19;5,70;31,88
04/08/2015;4,16;5,63;31,87
05/08/2015;4,18;5,70;32,15
06/08/2015;4,18;5,69;32,28
07/08/2015;4,14;5,64;31,89
10/08/2015;4,18;5,73;32,45
11/08/2015;4,13;5,63;31,60
12/08/2015;4,07;5,47;30,27
13/08/2015;4,10;5,45;30,82
14/08/2015;4,08;5,40;30,74
17/08/2015;4,09;5,40;31,09
18/08/2015;4,10;5,39;31,17
19/08/2015;4,08;5,33;30,83
20/08/2015;4,06;5,25;30,03
21/08/2015;3,95;5,09;29,01
24/08/2015;3,75;4,73;27,81
25/08/2015;3,86;4,94;29,25
26/08/2015;3,83;4,83;28,71
27/08/2015;3,88;5,01;29,76
28/08/2015;3,92;5,06;29,87
31/08/2015;3,92;4,96;29,74
01/09/2015;3,84;4,82;28,99
02/09/2015;3,84;4,81;28,95
03/09/2015;3,86;4,85;29,48
04/09/2015;3,80;4,71;28,58
07/09/2015;3,78;4,69;28,52
08/09/2015;3,79;4,70;28,76
09/09/2015;3,85;4,81;29,13
10/09/2015;3,79;4,65;28,84
11/09/2015;3,75;4,57;28,51
14/09/2015;3,75;4,55;28,43
15/09/2015;3,80;4,59;28,60
16/09/2015;3,87;4,68;30,29
17/09/2015;3,89;4,76;30,74
18/09/2015;3,83;4,59;29,89
21/09/2015;3,83;4,59;30,28
22/09/2015;3,77;4,43;29,38
23/09/2015;3,77;4,34;29,30
24/09/2015;3,74;4,19;28,40
25/09/2015;3,84;4,29;29,50
28/09/2015;3,84;4,21;29,19
29/09/2015;3,80;4,24;28,94
30/09/2015;3,85;4,31;29,93
01/10/2015;3,84;4,30;30,16
02/10/2015;3,88;4,33;30,20
05/10/2015;3,94;4,53;31,40
06/10/2015;3,98;4,66;31,78
07/10/2015;3,97;4,77;31,32
08/10/2015;3,99;4,74;31,17
09/10/2015;4,00;4,88;31,13
12/10/2015;4,00;4,80;31,20
13/10/2015;3,98;4,67;30,90
14/10/2015;3,98;4,59;30,48
15/10/2015;4,00;4,58;30,82
16/10/2015;4,04;4,72;31,02
19/10/2015;4,04;4,68;31,39
20/10/2015;4,06;4,62;31,44
21/10/2015;4,09;4,64;31,76
22/10/2015;4,14;4,79;32,75
23/10/2015;4,19;4,84;33,76
26/10/2015;4,18;4,80;33,61
27/10/2015;4,16;4,72;33,51
28/10/2015;4,18;4,78;33,90
29/10/2015;4,19;4,67;34,29
30/10/2015;4,21;4,68;34,11
02/11/2015;4,22;4,72;34,10
03/11/2015;4,22;4,77;33,81
04/11/2015;4,23;4,84;33,71
05/11/2015;4,22;4,78;34,35
06/11/2015;4,20;4,87;32,94
09/11/2015;4,18;4,77;32,94
10/11/2015;4,20;4,75;33,17
11/11/2015;4,18;4,79;33,42
12/11/2015;4,17;4,61;32,95
13/11/2015;4,13;4,59;32,54
16/11/2015;4,17;4,55;32,71
17/11/2015;4,24;4,69;33,35
18/11/2015;4,21;4,69;32,66
19/11/2015;4,24;4,78;32,72
20/11/2015;4,24;4,74;33,13
23/11/2015;4,23;4,75;33,12
24/11/2015;4,19;4,77;32,30
25/11/2015;4,25;4,67;33,18
26/11/2015;4,28;4,75;33,28
27/11/2015;4,31;4,70;33,47
30/11/2015;4,29;4,74;34,06
01/12/2015;4,28;4,75;33,97
02/12/2015;4,28;4,68;34,59
03/12/2015;4,21;4,54;33,39
04/12/2015;4,27;4,55;33,25
07/12/2015;4,28;4,47;33,88
08/12/2015;4,23;4,34;32,92
09/12/2015;4,26;4,35;32,55
10/12/2015;4,26;4,32;32,11
11/12/2015;4,20;4,23;32,04
14/12/2015;4,16;4,08;31,42
15/12/2015;4,22;4,25;32,40
16/12/2015;4,18;4,28;32,29
17/12/2015;4,26;4,39;33,08
18/12/2015;4,19;4,32;32,22
21/12/2015;4,09;4,11;31,45
22/12/2015;4,10;4,15;31,64
23/12/2015;4,19;4,27;31,90
24/12/2015;4,21;4,31;31,79
25/12/2015;4,21;4,31;31,79
28/12/2015;4,19;4,20;31,49
29/12/2015;4,26;4,24;32,26
30/12/2015;4,26;4,23;32,01
31/12/2015;4,24;4,18;31,69
01/01/2016;4,24;4,18;31,69
04/01/2016;4,15;4,05;30,58
05/01/2016;4,20;4,02;30,37
06/01/2016;4,18;3,89;30,18
07/01/2016;4,18;3,81;30,07
08/01/2016;4,16;3,71;29,65
11/01/2016;4,15;3,74;29,44
12/01/2016;4,13;3,79;30,11
13/01/2016;4,16;3,81;30,01
14/01/2016;4,12;3,77;29,24
15/01/2016;4,06;3,67;28,54
18/01/2016;4,05;3,62;28,44
19/01/2016;4,12;3,60;29,04
20/01/2016;4,07;3,43;28,21
21/01/2016;4,06;3,53;28,83
22/01/2016;4,16;3,69;29,56
25/01/2016;4,17;3,54;29,29
26/01/2016;4,20;3,66;29,43
27/01/2016;4,29;3,65;30,00
28/01/2016;4,26;3,52;29,56
29/01/2016;4,26;3,61;30,19
01/02/2016;4,30;3,49;30,47
02/02/2016;4,25;3,31;29,84
03/02/2016;4,20;3,18;29,19
04/02/2016;4,17;3,36;28,93
05/02/2016;4,12;3,44;28,40
08/02/2016;4,06;3,23;27,56
09/02/2016;4,02;3,10;27,38
10/02/2016;4,01;3,26;28,09
11/02/2016;3,91;3,04;26,76
12/02/2016;3,88;3,20;27,11
15/02/2016;3,98;3,31;27,56
16/02/2016;3,94;3,31;27,22
17/02/2016;3,95;3,45;28,02
18/02/2016;3,99;3,32;28,21
19/02/2016;3,97;3,21;28,26
22/02/2016;4,00;3,37;28,59
23/02/2016;3,94;3,31;28,01
24/02/2016;3,88;3,16;27,20
25/02/2016;3,92;3,24;27,96
26/02/2016;3,91;3,38;28,51
29/02/2016;3,94;3,44;28,62
01/03/2016;3,95;3,52;29,79
02/03/2016;3,91;3,71;29,66
03/03/2016;3,90;3,71;29,33
04/03/2016;3,88;3,78;29,70
07/03/2016;3,83;3,77;29,70
08/03/2016;3,84;3,80;29,41
09/03/2016;3,93;3,77;29,92
10/03/2016;3,97;3,81;29,68
11/03/2016;4,04;4,09;29,61
14/03/2016;4,02;4,14;29,86
15/03/2016;4,03;3,96;29,68
16/03/2016;3,98;3,87;29,91
17/03/2016;3,99;3,90;29,79
18/03/2016;3,99;3,93;29,75
21/03/2016;3,99;3,89;29,88
22/03/2016;3,95;3,83;30,05
23/03/2016;3,95;3,75;30,15
24/03/2016;3,93;3,66;29,55
25/03/2016;3,93;3,66;29,55
28/03/2016;3,93;3,66;29,55
29/03/2016;3,96;3,64;29,78
30/03/2016;3,93;3,65;30,11
31/03/2016;3,87;3,56;29,57
01/04/2016;3,84;3,48;29,11
04/04/2016;3,85;3,47;29,30
05/04/2016;3,81;3,35;28,45
06/04/2016;3,81;3,34;28,63
07/04/2016;3,80;3,28;28,42
08/04/2016;3,83;3,36;28,57
11/04/2016;3,86;3,42;28,53
12/04/2016;3,88;3,46;28,74
13/04/2016;3,91;3,72;28,98
14/04/2016;3,91;3,75;28,91
15/04/2016;3,93;3,72;28,77
18/04/2016;3,94;3,79;28,90
19/04/2016;3,96;3,83;29,53
20/04/2016;4,03;3,96;29,80
21/04/2016;4,01;4,08;29,45
22/04/2016;4,05;4,10;29,50
25/04/2016;4,03;4,02;29,22
26/04/2016;4,07;4,15;28,98
27/04/2016;4,10;4,22;29,17
28/04/2016;4,15;4,25;28,65
29/04/2016;4,10;4,06;28,04
02/05/2016;4,13;4,01;28,49
03/05/2016;4,05;3,82;27,79
04/05/2016;4,00;3,72;27,47
05/05/2016;4,02;3,71;27,72
06/05/2016;4,02;3,73;27,53
09/05/2016;4,03;3,64;28,17
10/05/2016;4,07;3,74;28,54
11/05/2016;3,99;3,71;28,00
12/05/2016;4,01;3,70;27,82
13/05/2016;4,05;3,73;28,13
16/05/2016;4,04;3,72;28,08
17/05/2016;3,99;3,73;27,89
18/05/2016;4,01;3,79;28,37
19/05/2016;3,98;3,75;28,20
20/05/2016;4,01;3,80;28,80
23/05/2016;3,96;3,74;28,69
24/05/2016;4,03;3,84;29,51
25/05/2016;4,06;4,08;29,32
26/05/2016;4,06;4,00;29,57
27/05/2016;4,08;4,04;30,10
30/05/2016;4,07;4,05;30,24
31/05/2016;4,02;3,94;30,36
01/06/2016;3,96;3,83;30,21
02/06/2016;3,97;3,86;30,18
03/06/2016;3,95;3,72;29,90
06/06/2016;3,95;3,75;29,77
07/06/2016;3,98;3,80;29,75
08/06/2016;4,00;3,75;29,68
09/06/2016;4,01;3,73;29,56
10/06/2016;3,90;3,54;28,91
13/06/2016;3,84;3,42;28,49
14/06/2016;3,74;3,33;27,98
15/06/2016;3,78;3,38;29,52
16/06/2016;3,77;3,36;29,70
17/06/2016;3,84;3,49;29,27
20/06/2016;3,97;3,63;30,13
21/06/2016;3,94;3,69;30,37
22/06/2016;3,95;3,72;30,45
23/06/2016;3,96;3,88;31,01
24/06/2016;3,56;3,11;28,90
27/06/2016;3,66;3,03;28,42
28/06/2016;3,77;3,08;28,92
29/06/2016;3,92;3,19;29,81
30/06/2016;4,02;3,15;29,91
01/07/2016;4,00;3,22;29,99
04/07/2016;4,03;3,20;30,01
05/07/2016;3,87;3,11;29,81
06/07/2016;3,85;3,05;29,52
07/07/2016;3,90;3,07;29,50
08/07/2016;3,95;3,23;29,80
11/07/2016;3,96;3,28;30,40
12/07/2016;3,95;3,49;30,93
13/07/2016;4,01;3,42;30,93
14/07/2016;4,01;3,51;30,87
15/07/2016;4,03;3,50;30,73
18/07/2016;4,06;3,49;30,75
19/07/2016;4,04;3,45;30,72
20/07/2016;4,14;3,50;30,98
21/07/2016;4,14;3,54;30,76
22/07/2016;4,14;3,56;30,93
25/07/2016;4,17;3,48;30,98
26/07/2016;4,17;3,45;30,90
27/07/2016;4,16;3,55;30,88
28/07/2016;4,12;3,41;30,65
29/07/2016;4,15;3,48;30,94
01/08/2016;4,11;3,40;31,15
02/08/2016;4,05;3,22;30,61
03/08/2016;4,02;3,21;30,57
04/08/2016;4,05;3,30;30,85
05/08/2016;4,07;3,40;32,06
08/08/2016;4,07;3,46;31,63
09/08/2016;4,07;3,50;32,12
10/08/2016;4,06;3,51;31,82
11/08/2016;4,10;3,53;32,00
12/08/2016;4,11;3,53;31,93
15/08/2016;4,10;3,53;31,95
16/08/2016;4,03;3,50;31,20
17/08/2016;3,98;3,41;30,93
18/08/2016;4,00;3,41;31,42
19/08/2016;3,95;3,34;31,37
22/08/2016;3,97;3,36;31,15
23/08/2016;3,99;3,46;31,96
24/08/2016;3,98;3,54;32,07
25/08/2016;3,97;3,53;31,71
26/08/2016;3,98;3,57;31,83
29/08/2016;3,97;3,55;31,70
30/08/2016;3,98;3,61;31,88
31/08/2016;3,98;3,69;31,77
01/09/2016;3,99;3,71;31,81
02/09/2016;4,06;3,76;32,37
05/09/2016;4,08;3,78;32,40
06/09/2016;4,07;3,73;32,30
07/09/2016;4,13;3,79;33,11
08/09/2016;4,10;3,88;32,89
09/09/2016;4,08;3,86;32,26
12/09/2016;4,01;3,75;32,00
13/09/2016;3,99;3,65;31,62
14/09/2016;3,99;3,60;31,83
15/09/2016;3,97;3,63;31,93
16/09/2016;4,00;3,56;31,75
19/09/2016;4,05;3,59;32,39
20/09/2016;4,02;3,56;32,68
21/09/2016;4,00;3,67;32,17
22/09/2016;4,08;3,75;33,37
23/09/2016;4,04;3,63;32,96
26/09/2016;4,03;3,56;32,82
27/09/2016;4,02;3,54;32,98
28/09/2016;4,07;3,59;33,06
29/09/2016;4,09;3,62;33,13
30/09/2016;4,08;3,62;33,00
03/10/2016;4,07;3,62;32,77
04/10/2016;4,06;3,63;32,92
05/10/2016;4,02;3,68;32,86
06/10/2016;3,99;3,72;32,73
07/10/2016;3,95;3,64;32,06
10/10/2016;3,99;3,65;32,66
11/10/2016;3,96;3,66;32,35
12/10/2016;3,95;3,67;32,16
13/10/2016;3,97;3,59;31,98
14/10/2016;4,05;3,72;32,40
17/10/2016;4,05;3,71;32,04
18/10/2016;4,11;3,80;32,22
19/10/2016;4,12;3,88;32,60
20/10/2016;4,15;3,98;32,93
21/10/2016;4,17;4,02;33,23
24/10/2016;4,17;4,17;32,93
25/10/2016;4,17;4,12;32,57
26/10/2016;4,20;4,14;32,74
27/10/2016;4,19;4,21;32,65
28/10/2016;4,20;4,19;32,34
31/10/2016;4,19;4,16;31,85
01/11/2016;4,17;4,08;31,61
02/11/2016;4,12;4,00;31,29
03/11/2016;4,09;4,04;31,12
04/11/2016;4,06;3,99;30,76
07/11/2016;4,09;4,06;31,13
08/11/2016;4,08;4,10;31,18
09/11/2016;4,00;4,11;31,18
10/11/2016;3,89;4,11;30,49
11/11/2016;3,86;3,95;30,49
14/11/2016;3,81;4,01;30,91
15/11/2016;3,82;4,06;31,29
16/11/2016;3,77;4,01;31,06
17/11/2016;3,85;4,04;31,45
18/11/2016;3,80;3,96;31,49
21/11/2016;3,80;3,96;31,44
22/11/2016;3,80;4,02;31,40
23/11/2016;3,78;4,02;31,22
24/11/2016;3,78;4,00;32,05
25/11/2016;3,86;3,97;32,40
28/11/2016;3,86;3,91;32,24
29/11/2016;3,87;3,96;32,46
30/11/2016;3,83;4,00;32,28
01/12/2016;3,78;4,03;31,80
02/12/2016;3,78;3,98;31,64
05/12/2016;3,77;4,04;31,98
06/12/2016;3,90;4,24;32,30
07/12/2016;3,87;4,35;32,23
08/12/2016;3,88;4,58;31,90
09/12/2016;3,93;4,53;32,31
12/12/2016;3,98;4,54;32,24
13/12/2016;4,04;4,60;32,99
14/12/2016;4,01;4,54;32,00
15/12/2016;4,05;4,64;32,02
16/12/2016;4,05;4,67;32,45
19/12/2016;4,07;4,56;32,07
20/12/2016;4,11;4,64;32,12
21/12/2016;4,11;4,62;32,02
22/12/2016;4,12;4,60;32,13
23/12/2016;4,14;4,62;32,19
26/12/2016;4,14;4,62;32,19
27/12/2016;4,17;4,60;32,25
28/12/2016;4,18;4,58;32,40
29/12/2016;4,19;4,55;32,35
30/12/2016;4,21;4,60;32,43
02/01/2017;4,21;4,63;32,60
03/01/2017;4,18;4,75;32,28
04/01/2017;4,15;4,77;31,97
05/01/2017;4,15;4,78;31,45
06/01/2017;4,14;4,81;31,68
09/01/2017;4,16;4,75;31,87
10/01/2017;4,12;4,75;31,63
11/01/2017;4,13;4,71;31,38
12/01/2017;4,18;4,70;31,62
13/01/2017;4,19;4,78;31,93
16/01/2017;4,16;4,70;31,59
17/01/2017;4,16;4,68;31,40
18/01/2017;4,14;4,70;31,35
19/01/2017;4,10;4,72;31,23
20/01/2017;4,14;4,77;31,00
23/01/2017;4,10;4,69;31,07
24/01/2017;4,10;4,79;31,02
25/01/2017;4,10;4,99;31,12
26/01/2017;4,08;4,98;30,84
27/01/2017;4,06;4,97;30,85
30/01/2017;4,00;4,83;30,65
31/01/2017;4,03;4,78;30,54
01/02/2017;3,99;4,83;30,53
02/02/2017;4,03;4,91;30,54
03/02/2017;4,04;4,95;30,73
06/02/2017;4,02;4,85;30,57
07/02/2017;4,07;4,75;30,89
08/02/2017;4,14;4,69;30,86
09/02/2017;4,17;4,76;31,12
10/02/2017;4,14;4,68;31,14
13/02/2017;4,19;4,76;31,34
14/02/2017;4,15;4,80;31,28
15/02/2017;4,17;4,88;31,34
16/02/2017;4,18;4,83;31,18
17/02/2017;4,16;4,77;31,02
20/02/2017;4,20;4,79;30,96
21/02/2017;4,21;4,83;31,02
22/02/2017;4,20;4,74;30,73
23/02/2017;4,30;4,75;30,47
24/02/2017;4,33;4,69;30,21
27/02/2017;4,33;4,70;29,95
28/02/2017;4,33;4,79;30,32
01/03/2017;4,34;4,94;30,89
02/03/2017;4,34;4,85;30,60
03/03/2017;4,37;4,93;30,63
06/03/2017;4,40;4,91;30,60
07/03/2017;4,42;4,91;30,51
08/03/2017;4,41;4,96;30,93
09/03/2017;4,43;5,08;31,58
10/03/2017;4,35;5,10;31,44
13/03/2017;4,35;5,07;31,28
14/03/2017;4,34;4,98;31,39
15/03/2017;4,33;5,04;31,41
16/03/2017;4,39;5,23;31,68
17/03/2017;4,45;5,25;31,91
20/03/2017;4,42;5,23;32,04
21/03/2017;4,45;5,25;32,01
22/03/2017;4,49;5,27;31,81
23/03/2017;4,48;5,31;32,51
24/03/2017;4,47;5,31;32,35
27/03/2017;4,53;5,26;32,56
28/03/2017;4,55;5,35;32,51
29/03/2017;4,56;5,31;32,69
30/03/2017;4,58;5,33;32,55
31/03/2017;4,63;5,33;33,04
03/04/2017;4,58;5,24;32,74
04/04/2017;4,60;5,26;33,06
05/04/2017;4,61;5,29;32,88
06/04/2017;4,67;5,35;33,68
07/04/2017;4,67;5,36;33,92
10/04/2017;4,65;5,27;33,85
11/04/2017;4,63;5,23;33,95
12/04/2017;4,64;5,16;33,90
13/04/2017;4,61;5,09;34,33
14/04/2017;4,61;5,09;34,33
17/04/2017;4,61;5,09;34,33
18/04/2017;4,59;5,08;34,17
19/04/2017;4,53;5,23;34,41
20/04/2017;4,46;5,26;34,22
21/04/2017;4,49;5,26;34,19
24/04/2017;4,63;5,57;35,02
25/04/2017;4,55;5,61;35,15
26/04/2017;4,50;5,62;34,96
27/04/2017;4,55;5,52;34,83
28/04/2017;4,55;5,56;35,21
01/05/2017;4,55;5,56;35,21
02/05/2017;4,61;5,62;35,44
03/05/2017;4,64;5,64;35,71
04/05/2017;4,72;5,73;36,18
05/05/2017;4,76;5,85;36,32
08/05/2017;4,73;5,82;36,09
09/05/2017;4,72;5,72;36,54
10/05/2017;4,71;5,69;36,51
11/05/2017;4,62;5,63;35,85
12/05/2017;4,66;5,60;36,43
15/05/2017;4,66;5,70;36,29
16/05/2017;4,74;5,70;36,46
17/05/2017;4,70;5,53;36,01
18/05/2017;4,70;5,33;35,91
19/05/2017;4,78;5,42;35,94
22/05/2017;4,80;5,30;36,34
23/05/2017;4,86;5,42;36,18
24/05/2017;4,80;5,45;36,10
25/05/2017;4,87;5,46;35,98
26/05/2017;4,83;5,45;36,27
29/05/2017;4,85;5,44;35,98
30/05/2017;4,86;5,39;36,34
31/05/2017;4,90;5,37;36,40
01/06/2017;4,90;5,38;36,31
02/06/2017;4,93;5,40;36,67
05/06/2017;4,96;5,39;36,63
06/06/2017;5,00;5,39;36,66
07/06/2017;4,96;5,34;36,20
08/06/2017;4,96;5,62;36,43
09/06/2017;4,93;5,68;36,41
12/06/2017;4,84;5,63;35,80
13/06/2017;4,85;5,63;35,86
14/06/2017;4,88;5,51;35,22
15/06/2017;4,87;5,47;34,97
16/06/2017;4,95;5,44;35,21
19/06/2017;4,95;5,50;35,56
20/06/2017;4,94;5,44;35,16
21/06/2017;4,97;5,43;35,02
22/06/2017;4,92;5,44;35,07
23/06/2017;4,88;5,38;34,86
26/06/2017;4,97;5,43;34,94
27/06/2017;4,85;5,46;34,83
28/06/2017;4,86;5,57;34,54
29/06/2017;4,80;5,49;33,92
30/06/2017;4,78;5,38;33,61
03/07/2017;4,79;5,57;33,84
04/07/2017;4,77;5,53;33,80
05/07/2017;4,75;5,50;33,89
06/07/2017;4,71;5,55;33,54
07/07/2017;4,70;5,48;33,64
10/07/2017;4,74;5,48;33,75
11/07/2017;4,71;5,44;33,34
12/07/2017;4,84;5,46;33,79
13/07/2017;4,85;5,52;34,05
14/07/2017;4,85;5,47;34,20
17/07/2017;4,87;5,41;34,55
18/07/2017;4,87;5,37;33,72
19/07/2017;4,95;5,34;34,22
20/07/2017;4,84;5,40;34,17
21/07/2017;4,77;5,32;33,63
24/07/2017;4,72;5,38;33,65
25/07/2017;4,71;5,48;33,39
26/07/2017;4,72;5,48;33,62
27/07/2017;4,73;5,48;33,75
28/07/2017;4,69;5,48;33,50
31/07/2017;4,70;5,45;33,59
01/08/2017;4,76;5,50;33,88
02/08/2017;4,76;5,39;33,75
03/08/2017;4,78;5,44;33,68
04/08/2017;4,83;5,49;33,96
07/08/2017;4,82;5,51;33,96
08/08/2017;4,85;5,53;34,36
09/08/2017;4,82;5,41;34,04
10/08/2017;4,76;5,29;33,60
11/08/2017;4,72;5,16;33,17
14/08/2017;4,84;5,28;33,43
15/08/2017;4,88;5,29;33,59
16/08/2017;4,91;5,33;33,76
17/08/2017;4,94;5,19;33,77
18/08/2017;4,94;5,18;33,45
21/08/2017;4,91;5,13;33,61
22/08/2017;4,92;5,17;33,67
23/08/2017;4,89;5,13;33,44
24/08/2017;4,88;5,16;33,45
25/08/2017;4,89;5,16;33,41
28/08/2017;4,87;5,14;33,01
29/08/2017;4,84;5,07;33,23
30/08/2017;4,83;5,10;33,11
31/08/2017;4,83;5,15;31,92
01/09/2017;4,84;5,17;31,85
04/09/2017;4,82;5,14;31,55
05/09/2017;4,84;5,05;31,17
06/09/2017;4,83;5,01;31,20
07/09/2017;4,87;4,98;31,12
08/09/2017;4,85;5,04;30,90
11/09/2017;4,88;5,21;31,45
12/09/2017;4,85;5,26;32,05
13/09/2017;4,84;5,28;32,18
14/09/2017;4,76;5,34;32,35
15/09/2017;4,76;5,27;32,65
18/09/2017;4,74;5,31;32,54
19/09/2017;4,76;5,36;32,69
20/09/2017;4,73;5,31;32,41
21/09/2017;4,70;5,37;32,00
22/09/2017;4,67;5,42;31,91
25/09/2017;4,68;5,36;31,53
26/09/2017;4,67;5,35;31,52
27/09/2017;4,65;5,53;31,59
28/09/2017;4,59;5,56;31,71
29/09/2017;4,63;5,58;31,89
02/10/2017;4,62;5,49;31,47
03/10/2017;4,56;5,50;31,31
04/10/2017;4,41;5,29;30,66
05/10/2017;4,54;5,44;31,24
06/10/2017;4,55;5,45;30,95
09/10/2017;4,65;5,46;31,30
10/10/2017;4,65;5,30;31,00
11/10/2017;4,75;5,33;31,40
12/10/2017;4,76;5,31;31,40
13/10/2017;4,77;5,25;31,18
16/10/2017;4,71;5,25;31,12
17/10/2017;4,72;5,31;31,45
18/10/2017;4,70;5,36;31,26
19/10/2017;4,71;5,30;30,90
20/10/2017;4,72;5,32;30,99
23/10/2017;4,76;5,27;30,95
24/10/2017;4,73;5,35;30,92
25/10/2017;4,63;5,35;30,60
26/10/2017;4,75;5,53;31,48
27/10/2017;4,71;5,42;31,26
30/10/2017;4,83;5,54;32,19
31/10/2017;4,89;5,54;32,10
01/11/2017;4,87;5,54;31,47
02/11/2017;4,86;5,53;31,20
03/11/2017;4,83;5,43;31,15
06/11/2017;4,85;5,36;30,89
07/11/2017;4,77;5,34;29,96
08/11/2017;4,75;5,32;30,10
09/11/2017;4,70;5,28;29,73
10/11/2017;4,65;5,29;29,56
13/11/2017;4,62;5,26;29,34
14/11/2017;4,58;5,19;29,39
15/11/2017;4,61;5,25;29,19
16/11/2017;4,61;5,26;29,76
17/11/2017;4,56;5,21;29,27
20/11/2017;4,55;5,23;29,50
21/11/2017;4,54;5,20;29,36
22/11/2017;4,55;5,23;29,28
23/11/2017;4,56;5,24;29,28
24/11/2017;4,53;5,28;29,48
27/11/2017;4,61;5,30;29,60
28/11/2017;4,65;5,32;29,84
29/11/2017;4,70;5,42;29,78
30/11/2017;4,70;5,36;29,74
01/12/2017;4,63;5,23;29,57
04/12/2017;4,67;5,30;30,58
05/12/2017;4,68;5,28;30,38
06/12/2017;4,73;5,23;30,61
07/12/2017;4,76;5,26;30,97
08/12/2017;4,73;5,35;31,08
11/12/2017;4,73;5,36;31,15
12/12/2017;4,73;5,40;30,77
13/12/2017;4,67;5,38;31,30
14/12/2017;4,59;5,34;30,72
15/12/2017;4,64;5,35;29,96
18/12/2017;4,68;5,39;30,01
19/12/2017;4,60;5,39;29,81
20/12/2017;4,64;5,35;29,53
21/12/2017;4,64;5,43;29,93
22/12/2017;4,59;5,32;29,62
25/12/2017;4,59;5,32;29,62
26/12/2017;4,59;5,32;29,62
27/12/2017;4,59;5,29;29,58
28/12/2017;4,55;5,24;29,17
29/12/2017;4,55;5,21;29,05
01/01/2018;4,55;5,21;29,05
02/01/2018;4,51;5,18;28,90
03/01/2018;4,54;5,19;28,87
04/01/2018;4,69;5,36;29,02
05/01/2018;4,75;5,39;29,60
08/01/2018;4,71;5,41;29,50
09/01/2018;4,65;5,42;29,60
10/01/2018;4,60;5,55;28,85
11/01/2018;4,67;5,62;28,55
12/01/2018;4,70;5,63;28,69
15/01/2018;4,73;5,61;28,75
16/01/2018;4,82;5,65;28,66
17/01/2018;4,83;5,60;28,72
18/01/2018;4,79;5,61;28,33
19/01/2018;4,81;5,64;28,56
22/01/2018;4,81;5,74;28,72
23/01/2018;4,85;5,71;29,00
24/01/2018;4,86;5,69;29,00
25/01/2018;4,84;5,78;28,96
26/01/2018;4,82;5,76;29,01
29/01/2018;4,76;5,75;29,18
30/01/2018;4,72;5,64;29,05
31/01/2018;4,72;5,69;28,87
01/02/2018;4,68;5,65;28,29
02/02/2018;4,61;5,56;27,65
05/02/2018;4,54;5,49;27,37
06/02/2018;4,36;5,33;26,63
07/02/2018;4,46;5,45;26,75
08/02/2018;4,38;5,30;26,16
09/02/2018;4,30;5,21;26,11
12/02/2018;4,38;5,31;26,52
13/02/2018;4,32;5,21;26,00
14/02/2018;4,35;5,22;26,27
15/02/2018;4,35;5,25;26,44
16/02/2018;4,41;5,34;26,82
19/02/2018;4,40;5,31;26,66
20/02/2018;4,43;5,40;27,33
21/02/2018;4,25;5,38;27,03
22/02/2018;4,32;5,38;26,90
23/02/2018;4,39;5,37;25,00
26/02/2018;4,44;5,41;25,47
27/02/2018;4,44;5,45;25,25
28/02/2018;4,37;5,39;24,96
01/03/2018;4,36;5,33;24,57
02/03/2018;4,27;5,21;24,00
05/03/2018;4,35;5,23;24,11
06/03/2018;4,32;5,18;24,22
07/03/2018;4,31;5,19;23,94
08/03/2018;4,37;5,20;23,95
09/03/2018;4,36;5,19;24,07
12/03/2018;4,36;5,21;24,31
13/03/2018;4,33;5,18;24,26
14/03/2018;4,32;5,09;25,19
15/03/2018;4,35;5,07;25,45
16/03/2018;4,32;5,17;25,87
19/03/2018;4,29;5,09;26,14
20/03/2018;4,26;5,10;26,20
21/03/2018;4,25;5,06;25,81
22/03/2018;4,17;4,95;25,46
23/03/2018;4,15;4,92;25,08
26/03/2018;4,16;4,97;24,68
27/03/2018;4,20;5,00;25,08
28/03/2018;4,35;4,99;25,49
29/03/2018;4,30;5,03;25,43
30/03/2018;4,30;5,03;25,43
02/04/2018;4,30;5,03;25,43
03/04/2018;4,29;4,97;25,69
04/04/2018;4,27;4,95;25,56
05/04/2018;4,31;5,13;26,19
06/04/2018;4,33;5,07;26,04
09/04/2018;4,35;5,10;26,09
10/04/2018;4,34;5,08;25,65
11/04/2018;4,42;5,06;25,42
12/04/2018;4,43;5,08;25,18
13/04/2018;4,50;5,10;24,55
16/04/2018;4,48;5,12;24,65
17/04/2018;4,51;5,14;25,17
18/04/2018;4,53;5,20;24,95
19/04/2018;4,50;5,23;24,62
20/04/2018;4,52;5,24;24,49
23/04/2018;4,51;5,30;24,45
24/04/2018;4,54;5,13;24,81
25/04/2018;4,55;5,11;25,33
26/04/2018;4,57;5,09;25,55
27/04/2018;4,59;5,05;25,36
30/04/2018;4,62;5,11;25,78
01/05/2018;4,62;5,11;25,78
02/05/2018;4,70;5,13;26,37
03/05/2018;4,69;5,07;26,27
04/05/2018;4,73;5,11;26,60
07/05/2018;4,73;5,11;26,62
08/05/2018;4,72;5,12;26,77
09/05/2018;4,71;5,17;27,10
10/05/2018;4,69;5,22;26,97
11/05/2018;4,69;5,25;26,75
14/05/2018;4,70;5,23;26,87
15/05/2018;4,72;5,20;26,68
16/05/2018;4,69;5,07;26,87
17/05/2018;4,73;5,09;27,92
18/05/2018;4,75;4,95;27,76
21/05/2018;4,71;4,91;27,58
22/05/2018;4,72;5,00;27,30
23/05/2018;4,67;4,91;27,45
24/05/2018;4,65;4,87;28,36
25/05/2018;4,54;4,74;28,36
28/05/2018;4,50;4,65;28,45
29/05/2018;4,43;4,39;28,05
30/05/2018;4,44;4,44;27,40
31/05/2018;4,37;4,37;27,01
01/06/2018;4,44;4,52;27,44
04/06/2018;4,57;4,54;28,15
05/06/2018;4,56;4,46;28,46
06/06/2018;4,58;4,54;28,57
07/06/2018;4,62;4,53;28,31
08/06/2018;4,57;4,46;28,29
11/06/2018;4,68;4,59;28,61
12/06/2018;4,70;4,58;28,92
13/06/2018;4,68;4,53;29,94
14/06/2018;4,79;4,55;30,03
15/06/2018;4,83;4,45;29,93
18/06/2018;4,73;4,42;29,59
19/06/2018;4,73;4,43;29,47
20/06/2018;4,74;4,49;29,44
21/06/2018;4,63;4,45;29,61
22/06/2018;4,70;4,50;29,81
25/06/2018;4,65;4,37;29,51
26/06/2018;4,72;4,38;29,74
27/06/2018;4,83;4,36;29,78
28/06/2018;4,79;4,35;29,47
29/06/2018;4,77;4,37;29,26
02/07/2018;4,77;4,34;29,27
03/07/2018;4,87;4,38;29,58
04/07/2018;4,95;4,41;29,68
05/07/2018;4,99;4,49;29,59
06/07/2018;5,02;4,52;29,64
09/07/2018;4,99;4,56;30,03
10/07/2018;4,98;4,52;30,00
11/07/2018;4,94;4,41;29,34
12/07/2018;4,95;4,43;29,45
13/07/2018;4,95;4,39;29,27
16/07/2018;4,93;4,40;29,19
17/07/2018;4,94;4,38;29,38
18/07/2018;4,97;4,42;29,33
19/07/2018;4,94;4,42;29,27
20/07/2018;4,96;4,42;29,27
23/07/2018;4,96;4,43;29,19
24/07/2018;4,92;4,51;28,85
25/07/2018;4,85;4,48;28,39
26/07/2018;4,88;4,53;28,64
27/07/2018;4,91;4,58;28,43
30/07/2018;4,90;4,53;28,20
31/07/2018;4,92;4,58;28,05
01/08/2018;4,88;4,52;27,98
02/08/2018;4,86;4,45;27,74
03/08/2018;4,86;4,46;27,75
06/08/2018;4,85;4,45;27,52
07/08/2018;4,86;4,49;27,63
08/08/2018;4,87;4,46;27,51
09/08/2018;4,85;4,44;28,02
10/08/2018;4,83;4,32;28,05
13/08/2018;4,82;4,21;27,86
14/08/2018;4,84;4,20;27,61
15/08/2018;4,80;4,12;27,49
16/08/2018;4,81;4,15;27,32
17/08/2018;4,81;4,13;27,55
20/08/2018;4,81;4,13;27,73
21/08/2018;4,81;4,18;27,97
22/08/2018;4,80;4,14;28,41
23/08/2018;4,79;4,14;28,33
24/08/2018;4,81;4,14;28,54
27/08/2018;4,81;4,17;28,81
28/08/2018;4,80;4,15;28,29
29/08/2018;4,82;4,15;26,69
30/08/2018;4,80;4,07;26,14
31/08/2018;4,76;4,08;26,05
03/09/2018;4,74;4,06;25,50
04/09/2018;4,74;4,07;25,25
05/09/2018;4,70;4,06;25,08
06/09/2018;4,67;4,02;25,01
07/09/2018;4,63;3,97;25,17
10/09/2018;4,67;4,04;25,51
11/09/2018;4,68;4,03;25,52
12/09/2018;4,64;4,03;26,57
13/09/2018;4,63;4,06;26,54
14/09/2018;4,63;4,07;26,62
17/09/2018;4,68;4,12;26,22
18/09/2018;4,71;4,17;26,17
19/09/2018;4,71;4,25;26,26
20/09/2018;4,76;4,33;26,77
21/09/2018;4,80;4,35;27,25
24/09/2018;4,72;4,26;26,74
25/09/2018;4,68;4,25;26,40
26/09/2018;4,74;4,26;26,57
27/09/2018;4,75;4,26;26,49
28/09/2018;4,69;4,12;26,11
01/10/2018;4,71;4,08;26,45
02/10/2018;4,72;4,05;25,51
03/10/2018;4,76;4,12;25,70
04/10/2018;4,72;4,14;25,51
05/10/2018;4,70;4,10;25,41
08/10/2018;4,72;4,12;25,10
09/10/2018;4,73;4,16;25,12
10/10/2018;4,71;4,15;24,89
11/10/2018;4,60;4,05;24,85
12/10/2018;4,44;4,01;24,39
15/10/2018;4,48;4,02;24,56
16/10/2018;4,60;4,09;25,04
17/10/2018;4,57;4,05;24,71
18/10/2018;4,57;3,97;24,61
19/10/2018;4,65;3,95;24,35
22/10/2018;4,63;3,93;24,07
23/10/2018;4,67;3,87;24,36
24/10/2018;4,68;3,82;24,55
25/10/2018;4,71;3,90;24,83
26/10/2018;4,67;3,85;24,75
29/10/2018;4,67;3,95;24,96
30/10/2018;4,67;3,94;25,15
31/10/2018;4,63;4,02;24,93
01/11/2018;4,68;4,06;25,49
02/11/2018;4,66;4,11;25,19
05/11/2018;4,69;4,08;25,28
06/11/2018;4,72;4,03;25,01
07/11/2018;4,79;4,13;26,31
08/11/2018;4,83;4,13;26,27
09/11/2018;4,87;4,06;26,42
12/11/2018;4,87;4,02;26,20
13/11/2018;4,89;4,11;26,11
14/11/2018;4,96;4,10;25,71
15/11/2018;4,97;4,06;25,71
16/11/2018;4,95;4,04;25,65
19/11/2018;4,96;4,03;25,19
20/11/2018;4,91;3,91;24,93
21/11/2018;4,90;3,98;25,55
22/11/2018;4,88;3,92;25,90
23/11/2018;4,90;3,92;26,20
26/11/2018;4,96;4,03;26,55
27/11/2018;5,01;4,02;26,93
28/11/2018;4,96;4,05;27,39
29/11/2018;4,89;4,04;27,31
30/11/2018;4,88;4,01;27,09
03/12/2018;4,90;4,09;27,72
04/12/2018;4,91;3,99;27,27
05/12/2018;4,92;3,97;27,21
06/12/2018;4,84;3,81;26,80
07/12/2018;4,88;3,81;26,80
10/12/2018;4,86;3,71;26,61
11/12/2018;4,96;3,72;26,33
12/12/2018;5,07;3,84;25,05
13/12/2018;5,19;3,90;24,99
14/12/2018;5,21;3,89;24,55
17/12/2018;5,26;3,86;23,60
18/12/2018;5,16;3,82;23,91
19/12/2018;5,22;3,87;23,87
20/12/2018;5,20;3,81;22,66
21/12/2018;5,19;3,77;22,75
24/12/2018;5,21;3,73;22,25
25/12/2018;5,21;3,73;22,25
26/12/2018;5,21;3,73;22,25
27/12/2018;5,05;3,70;22,19
28/12/2018;5,12;3,78;22,39
31/12/2018;5,20;3,81;22,35
01/01/2019;5,20;3,81;22,35
02/01/2019;5,18;3,81;22,43
03/01/2019;5,19;3,84;22,11
04/01/2019;5,23;3,99;22,89
07/01/2019;5,27;4,01;23,07
08/01/2019;5,25;4,04;23,57
09/01/2019;5,20;4,02;23,84
10/01/2019;5,23;4,10;23,51
11/01/2019;5,23;4,10;23,45
14/01/2019;5,21;4,07;23,21
15/01/2019;5,24;4,08;23,34
16/01/2019;5,24;4,13;23,08
17/01/2019;5,26;4,08;23,36
18/01/2019;5,35;4,17;23,83
21/01/2019;5,31;4,16;23,91
22/01/2019;5,34;4,13;23,98
23/01/2019;5,35;4,17;24,40
24/01/2019;5,39;4,15;24,45
25/01/2019;5,35;4,23;24,15
28/01/2019;5,35;4,16;23,62
29/01/2019;5,41;4,16;24,02
30/01/2019;5,38;4,02;24,11
31/01/2019;5,45;3,96;24,35
01/02/2019;5,42;3,90;24,51
04/02/2019;5,44;3,86;24,31
05/02/2019;5,48;3,93;25,04
06/02/2019;5,48;3,95;24,91
07/02/2019;5,48;3,83;24,48
08/02/2019;5,44;3,80;24,13
11/02/2019;5,48;3,84;24,55
12/02/2019;5,50;3,84;24,97
13/02/2019;5,47;3,84;24,92
14/02/2019;5,44;3,80;24,82
15/02/2019;5,49;3,93;25,59
18/02/2019;5,48;3,95;25,64
19/02/2019;5,47;3,91;25,77
20/02/2019;5,54;3,97;25,48
21/02/2019;5,60;3,97;25,43
22/02/2019;5,62;3,96;25,53
25/02/2019;5,55;4,01;25,49
26/02/2019;5,55;4,01;26,23
27/02/2019;5,56;4,03;26,02
28/02/2019;5,57;4,12;26,54
01/03/2019;5,52;4,08;26,75
04/03/2019;5,54;4,06;26,86
05/03/2019;5,56;4,07;26,79
06/03/2019;5,58;4,13;26,91
07/03/2019;5,78;3,99;26,86
08/03/2019;5,71;3,91;26,41
11/03/2019;5,74;3,97;26,36
12/03/2019;5,78;3,97;26,27
13/03/2019;5,74;4,09;25,10
14/03/2019;5,75;4,12;25,07
15/03/2019;5,81;4,20;25,96
18/03/2019;5,85;4,24;26,20
19/03/2019;5,86;4,30;26,59
20/03/2019;5,88;4,24;26,10
21/03/2019;5,89;4,13;26,29
22/03/2019;5,85;3,97;26,27
25/03/2019;5,88;3,97;25,92
26/03/2019;5,88;3,92;26,43
27/03/2019;5,97;3,98;25,90
28/03/2019;5,95;3,93;25,94
29/03/2019;5,92;3,97;26,20
01/04/2019;5,88;4,09;26,09
02/04/2019;5,90;4,10;26,30
03/04/2019;5,99;4,18;26,64
04/04/2019;6,03;4,22;26,90
05/04/2019;6,01;4,22;26,70
08/04/2019;5,98;4,21;26,60
09/04/2019;5,99;4,20;26,50
10/04/2019;6,02;4,19;26,54
11/04/2019;5,94;4,29;26,59
12/04/2019;5,87;4,37;26,30
15/04/2019;5,90;4,37;26,54
16/04/2019;5,84;4,38;27,03
17/04/2019;5,88;4,43;27,30
18/04/2019;5,89;4,42;28,00
19/04/2019;5,89;4,42;28,00
22/04/2019;5,89;4,42;28,00
23/04/2019;5,93;4,36;27,84
24/04/2019;5,91;4,29;27,70
25/04/2019;6,17;4,30;26,99
26/04/2019;6,09;4,30;26,95
29/04/2019;6,01;4,33;26,50
30/04/2019;6,13;4,32;26,97
01/05/2019;6,13;4,32;26,97
02/05/2019;6,02;4,25;26,18
03/05/2019;6,04;4,22;26,29
06/05/2019;6,06;4,16;26,05
07/05/2019;6,07;4,07;25,48
08/05/2019;5,99;4,07;25,43
09/05/2019;5,97;3,97;25,15
10/05/2019;6,05;3,95;25,19
13/05/2019;6,10;3,90;24,95
14/05/2019;6,14;3,93;25,12
15/05/2019;6,20;3,94;25,30
16/05/2019;6,22;4,02;25,72
17/05/2019;6,19;3,99;25,39
20/05/2019;6,19;3,92;24,95
21/05/2019;6,18;3,93;25,17
22/05/2019;6,28;3,88;25,29
23/05/2019;6,26;3,84;24,79
24/05/2019;6,40;3,85;24,93
27/05/2019;6,43;3,87;25,06
28/05/2019;6,42;3,85;25,14
29/05/2019;6,39;3,83;24,87
30/05/2019;6,37;3,88;24,96
31/05/2019;6,29;3,79;24,05
03/06/2019;6,38;3,78;24,43
04/06/2019;6,40;3,87;24,83
05/06/2019;6,51;3,84;24,89
06/06/2019;6,65;3,81;24,92
07/06/2019;6,72;3,80;25,08
10/06/2019;6,68;3,87;25,43
11/06/2019;6,66;3,84;25,28
12/06/2019;6,73;3,81;25,02
13/06/2019;6,74;3,81;25,11
14/06/2019;6,78;3,79;25,00
17/06/2019;6,74;3,80;24,88
18/06/2019;6,87;3,85;24,96
19/06/2019;6,75;3,89;25,00
20/06/2019;6,74;3,85;24,93
21/06/2019;6,78;3,83;25,47
24/06/2019;6,77;3,82;25,49
25/06/2019;6,73;3,83;25,24
26/06/2019;6,68;3,88;25,50
27/06/2019;6,64;3,87;26,31
28/06/2019;6,64;3,91;26,45
01/07/2019;6,62;3,95;26,45
02/07/2019;6,73;3,94;26,53
03/07/2019;6,82;4,01;26,87
04/07/2019;6,76;4,04;27,08
05/07/2019;6,69;4,04;27,20
08/07/2019;6,66;4,01;27,19
09/07/2019;6,66;3,97;27,19
10/07/2019;6,67;4,00;26,82
11/07/2019;6,66;4,03;26,95
12/07/2019;6,62;4,01;27,42
15/07/2019;6,63;3,99;27,59
16/07/2019;6,64;4,04;27,59
17/07/2019;6,64;3,95;27,09
18/07/2019;6,67;3,88;27,45
19/07/2019;6,59;3,84;27,48
22/07/2019;6,60;3,82;27,37
23/07/2019;6,63;3,96;27,54
24/07/2019;6,69;3,96;27,50
25/07/2019;6,69;3,92;27,53
26/07/2019;6,66;3,89;27,65
29/07/2019;6,69;3,87;27,48
30/07/2019;6,60;3,72;26,97
31/07/2019;6,64;3,70;27,03
01/08/2019;6,68;3,71;27,56
02/08/2019;6,71;3,60;27,04
05/08/2019;6,69;3,54;26,38
06/08/2019;6,74;3,47;25,96
07/08/2019;6,81;3,46;26,29
08/08/2019;6,82;3,54;26,73
09/08/2019;6,83;3,46;26,50
12/08/2019;6,89;3,40;26,34
13/08/2019;6,92;3,44;26,24
14/08/2019;6,91;3,33;25,82
15/08/2019;7,07;3,33;25,59
16/08/2019;7,16;3,44;25,99
19/08/2019;7,20;3,40;26,61
20/08/2019;7,19;3,35;26,33
21/08/2019;7,23;3,34;27,14
22/08/2019;7,22;3,38;27,22
23/08/2019;7,17;3,32;27,05
26/08/2019;7,18;3,35;26,89
27/08/2019;7,21;3,32;27,16
28/08/2019;7,22;3,32;27,55
29/08/2019;7,25;3,31;27,70
30/08/2019;7,24;3,30;28,12
02/09/2019;7,31;3,29;27,85
03/09/2019;7,38;3,26;27,87
04/09/2019;7,36;3,27;27,80
05/09/2019;7,31;3,38;28,54
06/09/2019;7,30;3,38;28,65
09/09/2019;7,15;3,47;28,79
10/09/2019;7,12;3,57;28,61
11/09/2019;7,12;3,56;27,50
12/09/2019;7,21;3,57;27,18
13/09/2019;7,13;3,66;26,91
16/09/2019;7,09;3,61;26,56
17/09/2019;7,18;3,50;26,66
18/09/2019;7,22;3,47;26,63
19/09/2019;7,23;3,57;27,14
20/09/2019;7,18;3,60;27,27
23/09/2019;7,24;3,50;27,62
24/09/2019;7,31;3,48;27,84
25/09/2019;7,27;3,49;27,71
26/09/2019;7,34;3,49;27,90
27/09/2019;7,30;3,55;28,12
30/09/2019;7,39;3,58;28,40
01/10/2019;7,30;3,52;28,17
02/10/2019;7,21;3,37;27,29
03/10/2019;7,20;3,36;27,42
04/10/2019;7,27;3,38;27,81
07/10/2019;7,30;3,41;28,13
08/10/2019;7,23;3,37;27,50
09/10/2019;7,24;3,40;27,78
10/10/2019;7,20;3,48;28,20
11/10/2019;7,14;3,63;28,57
14/10/2019;7,17;3,60;28,41
15/10/2019;7,09;3,73;28,53
16/10/2019;7,10;3,76;28,75
17/10/2019;7,04;3,70;28,54
18/10/2019;7,07;3,71;28,45
21/10/2019;7,02;3,80;28,52
22/10/2019;7,05;3,80;28,29
23/10/2019;7,07;3,82;28,05
24/10/2019;7,13;3,78;28,15
25/10/2019;7,14;3,82;28,28
28/10/2019;7,11;3,81;28,34
29/10/2019;7,09;3,80;28,49
30/10/2019;7,07;3,55;28,50
31/10/2019;7,13;3,44;27,95
01/11/2019;7,11;3,46;28,24
04/11/2019;7,08;3,57;28,21
05/11/2019;7,00;3,63;28,09
06/11/2019;7,01;3,61;28,48
07/11/2019;6,88;3,69;28,28
08/11/2019;6,95;3,61;27,52
11/11/2019;6,89;3,58;27,60
12/11/2019;6,87;3,55;27,12
13/11/2019;6,85;3,42;27,39
14/11/2019;6,82;3,40;27,65
15/11/2019;6,83;3,43;27,98
18/11/2019;6,92;3,39;28,10
19/11/2019;6,91;3,41;27,64
20/11/2019;6,89;3,39;27,34
21/11/2019;6,87;3,42;27,55
22/11/2019;6,87;3,46;27,49
25/11/2019;6,89;3,48;27,72
26/11/2019;6,89;3,44;27,92
27/11/2019;6,92;3,45;27,90
28/11/2019;6,91;3,42;28,23
29/11/2019;6,92;3,39;28,26
02/12/2019;6,66;3,34;27,67
03/12/2019;6,66;3,31;27,90
04/12/2019;6,72;3,40;28,04
05/12/2019;6,71;3,39;28,04
06/12/2019;6,80;3,44;28,92
09/12/2019;6,81;3,44;28,73
10/12/2019;6,81;3,43;28,62
11/12/2019;6,93;3,41;30,12
12/12/2019;6,90;3,53;30,16
13/12/2019;6,97;3,56;30,55
16/12/2019;7,03;3,64;31,10
17/12/2019;7,09;3,61;31,03
18/12/2019;7,10;3,64;31,10
19/12/2019;7,07;3,64;31,27
20/12/2019;7,18;3,66;31,43
23/12/2019;7,19;3,61;31,66
24/12/2019;7,16;3,60;31,77
25/12/2019;7,16;3,60;31,77
26/12/2019;7,16;3,60;31,77
27/12/2019;7,22;3,60;32,15
30/12/2019;7,19;3,59;31,75
31/12/2019;7,11;3,57;31,45
01/01/2020;7,11;3,57;31,45
02/01/2020;7,14;3,70;31,75
03/01/2020;7,11;3,65;31,81
06/01/2020;7,07;3,62;31,53
07/01/2020;6,94;3,60;31,93
08/01/2020;6,96;3,60;32,00
09/01/2020;6,97;3,61;31,87
10/01/2020;7,09;3,56;31,57
13/01/2020;7,10;3,54;31,59
14/01/2020;7,13;3,47;31,50
15/01/2020;7,27;3,43;31,38
16/01/2020;7,35;3,48;31,28
17/01/2020;7,42;3,52;31,75
20/01/2020;7,46;3,48;31,18
21/01/2020;7,44;3,47;31,28
22/01/2020;7,46;3,43;31,03
23/01/2020;7,63;3,42;31,02
24/01/2020;7,80;3,39;31,14
27/01/2020;7,74;3,33;30,46
28/01/2020;7,77;3,40;30,93
29/01/2020;7,79;3,55;31,03
30/01/2020;7,81;3,51;30,92
31/01/2020;7,79;3,41;30,37
03/02/2020;7,81;3,41;30,55
04/02/2020;7,85;3,54;31,26
05/02/2020;8,05;3,64;31,43
06/02/2020;8,19;3,67;31,96
07/02/2020;8,11;3,70;31,89
10/02/2020;8,19;3,68;31,85
11/02/2020;8,29;3,71;32,00
12/02/2020;8,23;3,79;31,50
13/02/2020;8,36;3,77;31,25
14/02/2020;8,56;3,76;31,43
17/02/2020;8,73;3,79;31,48
18/02/2020;8,77;3,73;31,70
19/02/2020;8,85;3,75;32,08
20/02/2020;8,71;3,69;31,58
21/02/2020;8,82;3,62;31,59
24/02/2020;8,62;3,47;29,62
25/02/2020;8,41;3,36;29,31
26/02/2020;8,84;3,40;29,25
27/02/2020;8,50;3,28;28,10
28/02/2020;8,14;3,19;28,13
02/03/2020;8,46;3,12;27,91
03/03/2020;8,53;3,10;27,92
04/03/2020;8,83;3,16;28,26
05/03/2020;8,73;3,00;27,69
06/03/2020;8,36;2,92;26,84
09/03/2020;7,80;2,57;25,51
10/03/2020;7,37;2,54;24,32
11/03/2020;7,48;2,63;23,55
12/03/2020;6,43;2,18;21,07
13/03/2020;6,75;2,16;21,30
16/03/2020;6,50;1,93;20,17
17/03/2020;7,15;2,08;21,06
18/03/2020;6,88;1,96;20,72
19/03/2020;7,05;1,96;20,75
20/03/2020;6,90;2,02;21,58
23/03/2020;6,62;2,03;21,00
24/03/2020;6,95;2,27;23,57
25/03/2020;7,20;2,37;23,50
26/03/2020;7,18;2,36;24,00
27/03/2020;6,96;2,22;22,99
30/03/2020;6,87;2,12;22,71
31/03/2020;7,09;2,13;23,66
01/04/2020;6,92;2,06;22,51
02/04/2020;6,93;2,06;21,88
03/04/2020;7,14;2,01;21,98
06/04/2020;7,17;2,14;23,30
07/04/2020;7,14;2,15;24,49
08/04/2020;7,04;2,12;24,34
09/04/2020;7,19;2,07;25,26
10/04/2020;7,19;2,07;25,26
13/04/2020;7,19;2,07;25,26
14/04/2020;7,17;2,03;26,36
15/04/2020;7,02;1,92;25,76
16/04/2020;7,02;1,89;24,47
17/04/2020;7,09;1,88;25,55
20/04/2020;7,09;1,87;25,06
21/04/2020;6,90;1,79;24,35
22/04/2020;7,10;1,84;24,00
23/04/2020;6,98;1,91;23,45
24/04/2020;6,88;1,82;22,99
27/04/2020;7,03;1,89;23,78
28/04/2020;7,16;1,98;23,32
29/04/2020;7,38;2,07;24,09
30/04/2020;7,21;1,95;23,25
01/05/2020;7,21;1,95;23,25
04/05/2020;7,06;1,88;21,75
05/05/2020;7,07;1,91;21,90
06/05/2020;7,02;1,86;22,22
07/05/2020;6,97;1,88;23,38
08/05/2020;6,94;1,91;23,12
11/05/2020;6,82;1,86;23,11
12/05/2020;6,90;1,87;24,33
13/05/2020;6,86;1,80;23,54
14/05/2020;6,74;1,79;22,58
15/05/2020;6,71;1,76;22,44
18/05/2020;7,07;1,85;23,50
19/05/2020;7,03;1,75;23,06
20/05/2020;7,08;1,81;23,35
21/05/2020;7,06;1,78;23,28
22/05/2020;7,13;1,82;23,15
25/05/2020;7,21;1,86;23,55
26/05/2020;7,30;1,96;23,83
27/05/2020;7,58;2,06;24,49
28/05/2020;7,59;2,04;25,35
29/05/2020;7,64;1,95;25,05
01/06/2020;7,65;1,99;25,17
02/06/2020;7,84;2,07;25,74
03/06/2020;7,98;2,14;26,74
04/06/2020;7,86;2,17;26,27
05/06/2020;7,91;2,42;26,90
08/06/2020;7,99;2,45;26,31
09/06/2020;8,01;2,40;25,68
10/06/2020;7,88;2,33;26,17
11/06/2020;7,64;2,11;24,79
12/06/2020;7,69;2,12;24,41
15/06/2020;7,66;2,06;23,92
16/06/2020;7,90;2,16;24,76
17/06/2020;7,90;2,15;25,09
18/06/2020;7,86;2,09;24,75
19/06/2020;8,04;2,06;24,95
22/06/2020;7,99;2,04;24,48
23/06/2020;8,12;2,14;24,50
24/06/2020;7,89;2,05;23,99
25/06/2020;7,98;2,10;24,00
26/06/2020;7,92;2,03;23,75
29/06/2020;8,03;2,12;23,91
30/06/2020;8,14;2,08;23,57
01/07/2020;8,17;2,05;23,49
02/07/2020;8,46;2,19;24,33
03/07/2020;8,47;2,13;24,00
06/07/2020;8,54;2,24;24,40
07/07/2020;8,55;2,17;23,85
08/07/2020;8,65;2,12;23,35
09/07/2020;8,55;2,08;23,18
10/07/2020;8,66;2,13;23,13
13/07/2020;8,72;2,15;23,35
14/07/2020;8,73;2,13;22,77
15/07/2020;8,88;2,17;23,24
16/07/2020;8,91;2,17;23,00
17/07/2020;8,95;2,12;22,99
20/07/2020;9,07;2,12;22,99
21/07/2020;9,09;2,11;23,56
22/07/2020;8,97;2,06;23,00
23/07/2020;8,95;2,03;23,00
24/07/2020;8,91;2,04;22,88
27/07/2020;8,88;1,99;22,95
28/07/2020;8,93;2,01;23,41
29/07/2020;8,95;1,92;23,57
30/07/2020;8,82;1,81;22,72
31/07/2020;8,81;1,73;22,52
03/08/2020;8,95;1,78;22,46
04/08/2020;8,88;1,84;22,46
05/08/2020;8,77;1,81;22,68
06/08/2020;8,76;1,79;22,38
07/08/2020;8,77;1,76;22,54
10/08/2020;8,80;1,81;22,69
11/08/2020;8,85;1,92;23,74
12/08/2020;8,99;1,91;24,06
13/08/2020;8,93;1,87;24,10
14/08/2020;8,85;1,85;23,68
17/08/2020;8,82;1,81;23,70
18/08/2020;8,72;1,80;23,29
19/08/2020;8,74;1,85;23,27
20/08/2020;8,71;1,78;22,95
21/08/2020;8,73;1,75;23,17
24/08/2020;8,81;1,82;23,69
25/08/2020;8,79;1,82;23,71
26/08/2020;8,74;1,84;23,96
27/08/2020;8,68;1,82;24,01
28/08/2020;8,63;1,88;24,05
31/08/2020;8,51;1,79;23,55
01/09/2020;8,51;1,79;23,25
02/09/2020;8,63;1,75;23,49
03/09/2020;8,62;1,77;23,68
04/09/2020;8,44;1,83;23,04
07/09/2020;8,61;1,83;23,13
08/09/2020;8,46;1,78;23,04
09/09/2020;8,57;1,81;22,83
10/09/2020;8,56;1,77;23,25
11/09/2020;8,55;1,73;23,25
14/09/2020;8,51;1,74;22,71
15/09/2020;8,61;1,72;23,88
16/09/2020;8,58;1,72;25,81
17/09/2020;8,51;1,69;25,46
18/09/2020;8,43;1,62;24,85
21/09/2020;8,40;1,52;24,31
22/09/2020;8,33;1,50;23,95
23/09/2020;8,34;1,47;24,24
24/09/2020;8,35;1,48;23,48
25/09/2020;8,38;1,49;23,42
28/09/2020;8,46;1,59;23,99
29/09/2020;8,50;1,53;23,94
30/09/2020;8,48;1,53;23,80
01/10/2020;8,63;1,51;24,30
02/10/2020;8,65;1,51;24,10
05/10/2020;8,63;1,54;24,31
06/10/2020;8,61;1,64;24,41
07/10/2020;8,74;1,62;24,23
08/10/2020;8,74;1,64;24,18
09/10/2020;8,72;1,62;24,26
12/10/2020;8,93;1,60;24,23
13/10/2020;8,99;1,55;24,13
14/10/2020;9,09;1,55;24,04
15/10/2020;8,89;1,53;23,47
16/10/2020;8,92;1,57;23,50
19/10/2020;8,83;1,58;23,88
20/10/2020;8,85;1,63;24,00
21/10/2020;8,70;1,60;23,97
22/10/2020;8,66;1,62;23,89
23/10/2020;8,64;1,67;24,19
26/10/2020;8,62;1,65;23,53
27/10/2020;8,55;1,63;22,62
28/10/2020;8,34;1,58;21,83
29/10/2020;8,25;1,59;21,37
30/10/2020;8,17;1,64;21,19
02/11/2020;8,37;1,71;21,39
03/11/2020;8,55;1,77;22,21
04/11/2020;8,62;1,70;22,60
05/11/2020;8,88;1,75;23,23
06/11/2020;8,86;1,71;23,23
09/11/2020;8,93;2,04;26,49
10/11/2020;8,92;2,22;27,27
11/11/2020;9,16;2,25;26,83
12/11/2020;9,24;2,22;26,39
13/11/2020;9,21;2,29;26,67
16/11/2020;9,16;2,35;27,53
17/11/2020;9,13;2,37;27,18
18/11/2020;9,14;2,36;27,33
19/11/2020;9,17;2,32;26,97
20/11/2020;9,24;2,34;27,24
23/11/2020;9,15;2,35;27,19
24/11/2020;9,10;2,48;27,98
25/11/2020;9,12;2,46;28,10
26/11/2020;9,11;2,43;28,01
27/11/2020;9,26;2,47;28,28
30/11/2020;9,24;2,42;27,85
01/12/2020;9,14;2,56;27,83
02/12/2020;9,12;2,68;27,92
03/12/2020;9,09;2,71;27,65
04/12/2020;9,04;2,86;27,74
07/12/2020;9,05;2,73;27,60
08/12/2020;9,06;2,77;26,88
09/12/2020;9,07;2,73;27,14
10/12/2020;9,12;2,65;26,72
11/12/2020;9,08;2,58;26,40
14/12/2020;9,11;2,62;27,45
15/12/2020;9,05;2,70;26,77
16/12/2020;9,09;2,68;26,56
17/12/2020;9,20;2,69;26,55
18/12/2020;9,21;2,58;26,16
21/12/2020;9,07;2,45;25,32
22/12/2020;9,13;2,53;25,76
23/12/2020;9,26;2,62;25,87
24/12/2020;9,26;2,67;25,95
25/12/2020;9,26;2,67;25,95
28/12/2020;9,43;2,59;26,33
29/12/2020;9,47;2,59;26,36
30/12/2020;9,47;2,58;26,39
31/12/2020;9,44;2,54;26,04
01/01/2021;9,44;2,54;26,04
04/01/2021;9,61;2,57;25,84
05/01/2021;9,46;2,58;25,75
06/01/2021;9,87;2,75;26,40
07/01/2021;9,91;2,79;26,23
08/01/2021;10,09;2,76;26,72
11/01/2021;10,01;2,81;26,22
12/01/2021;9,82;2,85;26,11
13/01/2021;9,91;2,83;25,78
14/01/2021;9,83;2,80;26,32
15/01/2021;9,75;2,72;26,06
18/01/2021;9,73;2,74;26,20
19/01/2021;9,67;2,68;25,96
20/01/2021;9,60;2,69;26,17
21/01/2021;9,58;2,64;25,98
22/01/2021;9,54;2,58;25,59
25/01/2021;9,56;2,49;24,84
26/01/2021;9,51;2,53;25,06
27/01/2021;9,30;2,43;24,99
28/01/2021;9,35;2,48;25,10
29/01/2021;9,15;2,42;24,49
01/02/2021;9,23;2,42;24,61
02/02/2021;9,22;2,54;25,00
03/02/2021;9,31;2,55;25,13
04/02/2021;9,26;2,69;25,68
05/02/2021;9,21;2,79;26,13
08/02/2021;9,04;2,85;25,97
09/02/2021;8,91;2,83;25,90
10/02/2021;8,82;2,84;25,65
11/02/2021;8,82;2,80;25,59
12/02/2021;8,84;2,80;25,71
15/02/2021;8,80;2,91;26,23
16/02/2021;8,67;2,91;25,93
17/02/2021;8,76;2,89;25,85
18/02/2021;8,66;2,86;26,04
19/02/2021;8,60;2,98;25,90
22/02/2021;8,42;2,90;26,03
23/02/2021;8,39;2,95;27,45
24/02/2021;8,51;2,96;26,99
25/02/2021;8,42;2,97;27,60
26/02/2021;8,53;2,90;27,31
01/03/2021;8,52;2,92;27,79
02/03/2021;8,48;2,89;28,11
03/03/2021;8,19;2,94;28,35
04/03/2021;8,43;2,94;27,57
05/03/2021;8,34;2,98;27,70
08/03/2021;8,51;3,05;28,44
09/03/2021;8,76;2,97;29,06
10/03/2021;8,78;2,96;29,41
11/03/2021;8,90;2,92;30,00
12/03/2021;8,80;2,97;30,06
15/03/2021;8,81;2,93;30,11
16/03/2021;8,93;2,91;29,57
17/03/2021;8,74;2,93;29,10
18/03/2021;8,73;2,99;28,65
19/03/2021;8,92;2,89;27,86
22/03/2021;8,83;2,84;27,36
23/03/2021;9,00;2,86;27,83
24/03/2021;8,94;2,88;27,97
25/03/2021;8,99;2,86;27,96
26/03/2021;8,98;2,90;28,23
29/03/2021;9,03;2,86;28,08
30/03/2021;8,92;2,94;28,35
31/03/2021;8,99;2,90;28,10
01/04/2021;9,03;2,88;28,30
02/04/2021;9,03;2,88;28,30
05/04/2021;9,03;2,88;28,30
06/04/2021;9,24;2,92;28,42
07/04/2021;9,20;2,95;27,95
08/04/2021;9,44;2,92;27,91
09/04/2021;9,42;2,90;27,72
12/04/2021;9,36;2,91;27,49
13/04/2021;9,37;2,88;27,76
14/04/2021;9,32;2,91;27,81
15/04/2021;9,43;2,84;28,53
16/04/2021;9,48;2,87;28,42
19/04/2021;9,50;2,97;28,79
20/04/2021;9,35;2,85;27,87
21/04/2021;9,36;2,82;28,53
22/04/2021;9,55;2,85;29,43
23/04/2021;9,57;2,85;29,39
26/04/2021;9,46;2,91;29,27
27/04/2021;9,38;3,06;29,28
28/04/2021;9,30;3,14;29,81
29/04/2021;9,30;3,20;29,82
30/04/2021;9,20;3,22;29,62
03/05/2021;9,32;3,20;30,00
04/05/2021;9,15;3,16;30,11
05/05/2021;9,30;3,23;30,57
06/05/2021;9,28;3,22;31,14
07/05/2021;9,43;3,22;30,78
10/05/2021;9,39;3,31;31,42
11/05/2021;9,16;3,25;30,83
12/05/2021;9,11;3,29;30,70
13/05/2021;9,15;3,26;30,66
14/05/2021;9,24;3,35;31,64
17/05/2021;9,27;3,33;32,31
18/05/2021;9,26;3,37;32,54
19/05/2021;9,22;3,29;32,08
20/05/2021;9,39;3,32;31,93
21/05/2021;9,45;3,37;32,41
24/05/2021;9,38;3,36;32,21
25/05/2021;9,40;3,37;32,01
26/05/2021;9,34;3,35;31,96
27/05/2021;9,24;3,45;31,13
28/05/2021;9,25;3,45;31,92
31/05/2021;9,00;3,42;31,69
01/06/2021;8,94;3,48;31,77
02/06/2021;8,82;3,48;31,79
03/06/2021;8,73;3,51;31,64
04/06/2021;8,68;3,44;31,67
07/06/2021;8,71;3,46;32,38
08/06/2021;8,75;3,40;32,30
09/06/2021;8,73;3,38;31,60
10/06/2021;8,63;3,45;31,08
11/06/2021;8,75;3,43;31,32
14/06/2021;8,86;3,44;31,79
15/06/2021;8,86;3,43;31,08
16/06/2021;8,96;3,36;31,06
17/06/2021;8,86;3,36;31,23
18/06/2021;8,78;3,29;30,48
21/06/2021;8,88;3,28;30,60
22/06/2021;8,85;3,29;30,68
23/06/2021;8,53;3,28;30,37
24/06/2021;8,57;3,32;30,86
25/06/2021;8,48;3,36;30,79
28/06/2021;8,47;3,26;29,98
29/06/2021;8,56;3,27;29,96
30/06/2021;8,41;3,22;29,71
01/07/2021;8,48;3,29;29,97
02/07/2021;8,57;3,22;29,74
05/07/2021;8,54;3,27;29,97
06/07/2021;8,65;3,16;29,70
07/07/2021;8,74;3,15;29,70
08/07/2021;8,57;3,06;29,15
09/07/2021;8,62;3,13;29,73
12/07/2021;8,74;3,14;29,76
13/07/2021;8,72;3,08;29,32
14/07/2021;8,64;3,10;29,29
15/07/2021;8,58;3,12;27,70
16/07/2021;8,64;3,04;28,09
19/07/2021;8,50;2,93;27,50
20/07/2021;8,51;2,95;27,77
21/07/2021;8,57;3,07;28,41
22/07/2021;8,70;3,08;28,40
23/07/2021;8,75;3,13;28,84
26/07/2021;8,69;3,19;28,87
27/07/2021;8,59;3,16;28,38
28/07/2021;8,64;3,06;28,53
29/07/2021;8,68;3,14;28,63
30/07/2021;8,52;3,09;28,59
02/08/2021;8,53;3,07;29,10
03/08/2021;8,62;3,10;28,87
04/08/2021;8,58;3,14;28,65
05/08/2021;8,54;3,15;28,78
06/08/2021;8,53;3,23;28,66
09/08/2021;8,54;3,24;28,63
10/08/2021;8,52;3,26;28,79
11/08/2021;8,56;3,30;29,34
12/08/2021;8,50;3,28;29,75
13/08/2021;8,52;3,26;29,98
16/08/2021;8,57;3,20;29,46
17/08/2021;8,62;3,14;29,21
18/08/2021;8,77;3,16;29,60
19/08/2021;8,94;3,07;29,13
20/08/2021;9,03;3,08;29,79
23/08/2021;8,95;3,12;29,80
24/08/2021;8,88;3,11;29,71
25/08/2021;8,83;3,20;29,20
26/08/2021;8,79;3,16;28,83
27/08/2021;8,77;3,17;28,96
30/08/2021;8,77;3,12;28,91
31/08/2021;8,80;3,13;28,91
01/09/2021;8,88;3,18;29,80
02/09/2021;8,91;3,14;29,80
03/09/2021;8,86;3,08;29,57
06/09/2021;8,74;3,11;29,75
07/09/2021;8,71;3,14;29,75
08/09/2021;8,68;3,06;29,74
09/09/2021;8,62;3,06;29,46
10/09/2021;8,45;3,04;29,42
13/09/2021;8,60;3,11;29,50
14/09/2021;8,46;3,09;30,18
15/09/2021;7,97;3,09;29,68
16/09/2021;7,86;3,10;31,25
17/09/2021;7,85;3,04;31,71
20/09/2021;7,77;2,89;31,77
21/09/2021;7,83;2,90;32,41
22/09/2021;7,76;2,99;32,19
23/09/2021;7,80;3,08;32,04
24/09/2021;7,73;3,10;31,66
27/09/2021;7,71;3,20;32,26
28/09/2021;7,53;3,08;31,24
29/09/2021;7,50;3,16;32,19
30/09/2021;7,29;3,14;31,82
01/10/2021;7,32;3,12;32,02
04/10/2021;7,25;3,13;31,65
05/10/2021;7,37;3,26;32,19
06/10/2021;7,38;3,24;30,72
07/10/2021;7,90;3,33;31,50
08/10/2021;7,92;3,35;31,32
11/10/2021;7,78;3,35;30,81
12/10/2021;7,85;3,38;30,35
13/10/2021;7,95;3,28;30,40
14/10/2021;8,05;3,28;30,38
15/10/2021;7,93;3,35;31,15
18/10/2021;7,88;3,33;31,21
19/10/2021;8,09;3,36;31,74
20/10/2021;8,25;3,36;31,48
21/10/2021;8,18;3,31;31,30
22/10/2021;8,15;3,28;30,76
25/10/2021;8,10;3,32;30,71
26/10/2021;8,29;3,36;30,89
27/10/2021;8,43;3,26;30,82
28/10/2021;8,60;3,28;31,05
29/10/2021;8,57;3,28;31,24
01/11/2021;8,64;3,34;32,04
02/11/2021;8,64;3,29;31,73
03/11/2021;8,51;3,31;31,49
04/11/2021;8,56;3,24;32,19
05/11/2021;8,62;3,28;32,27
08/11/2021;8,50;3,24;31,47
09/11/2021;8,47;3,19;31,89
10/11/2021;8,52;3,21;32,28
11/11/2021;8,49;3,22;31,77
12/11/2021;8,45;3,19;31,80
15/11/2021;8,55;3,21;31,83
16/11/2021;8,55;3,21;31,73
17/11/2021;8,55;3,20;31,55
18/11/2021;8,52;3,14;31,81
19/11/2021;8,46;3,06;30,47
22/11/2021;8,41;3,10;31,04
23/11/2021;8,42;3,06;31,88
24/11/2021;8,46;3,03;31,11
25/11/2021;8,61;3,06;30,76
26/11/2021;8,34;2,78;29,24
29/11/2021;8,32;2,78;29,67
30/11/2021;8,31;2,75;27,86
01/12/2021;8,44;2,82;29,11
02/12/2021;8,08;2,79;28,40
03/12/2021;8,13;2,76;27,85
06/12/2021;8,36;2,81;28,62
07/12/2021;8,44;2,82;29,66
08/12/2021;8,40;2,75;28,80
09/12/2021;8,28;2,72;28,28
10/12/2021;8,17;2,70;28,40
13/12/2021;8,22;2,66;28,24
14/12/2021;8,18;2,69;28,94
15/12/2021;8,21;2,66;27,43
16/12/2021;8,29;2,77;27,83
17/12/2021;8,18;2,78;27,81
20/12/2021;8,17;2,75;27,62
21/12/2021;8,31;2,81;27,83
22/12/2021;8,34;2,82;28,04
23/12/2021;8,46;2,90;28,15
24/12/2021;8,46;2,90;28,15
27/12/2021;8,41;2,92;28,22
28/12/2021;8,63;2,93;28,20
29/12/2021;8,63;2,92;28,19
30/12/2021;8,73;2,94;28,53
31/12/2021;8,73;2,94;28,53
03/01/2022;8,76;2,95;28,66
04/01/2022;8,71;3,03;28,51
05/01/2022;8,65;3,04;28,46
06/01/2022;8,60;3,09;28,27
07/01/2022;8,60;3,11;27,66
10/01/2022;8,55;3,12;27,68
11/01/2022;8,55;3,12;27,94
12/01/2022;8,52;3,11;27,89
13/01/2022;8,54;3,13;27,88
14/01/2022;8,47;3,17;27,77
17/01/2022;8,57;3,16;27,91
18/01/2022;8,49;3,14;27,85
19/01/2022;8,53;3,13;28,59
20/01/2022;8,72;3,13;28,50
21/01/2022;8,65;3,08;28,10
24/01/2022;8,50;2,94;27,15
25/01/2022;8,45;3,02;27,36
26/01/2022;8,53;3,14;27,56
27/01/2022;8,70;3,20;27,33
28/01/2022;8,63;3,15;27,03
31/01/2022;8,67;3,09;26,74
01/02/2022;8,71;3,17;27,03
02/02/2022;8,65;3,18;26,41
03/02/2022;8,45;3,30;25,82
04/02/2022;8,27;3,25;25,04
07/02/2022;8,10;3,29;24,80
08/02/2022;8,01;3,37;25,49
09/02/2022;8,15;3,43;25,94
10/02/2022;8,15;3,48;26,23
11/02/2022;8,06;3,48;25,75
14/02/2022;7,80;3,35;25,33
15/02/2022;8,02;3,42;25,20
16/02/2022;8,03;3,38;25,43
17/02/2022;8,02;3,34;25,46
18/02/2022;7,92;3,32;25,35
21/02/2022;7,78;3,29;25,12
22/02/2022;7,87;3,28;24,65
23/02/2022;7,97;3,24;24,61
24/02/2022;8,04;2,99;23,66
25/02/2022;8,46;3,12;24,24
28/02/2022;8,68;2,98;23,60
01/03/2022;8,15;2,83;22,79
02/03/2022;8,17;2,93;22,74
03/03/2022;7,73;2,87;21,16
04/03/2022;7,64;2,72;20,36
07/03/2022;7,84;2,63;19,88
08/03/2022;8,05;2,70;21,20
09/03/2022;8,36;2,89;22,64
10/03/2022;8,25;2,85;21,57
11/03/2022;8,38;2,86;21,76
14/03/2022;8,41;2,96;22,23
15/03/2022;8,40;2,98;21,91
16/03/2022;8,34;3,16;21,37
17/03/2022;8,36;3,14;21,05
18/03/2022;8,32;3,12;20,88
21/03/2022;8,32;3,13;21,01
22/03/2022;8,38;3,18;20,96
23/03/2022;8,09;3,13;20,99
24/03/2022;8,14;3,06;20,65
25/03/2022;8,13;3,06;20,80
28/03/2022;8,32;3,08;20,52
29/03/2022;8,51;3,25;21,28
30/03/2022;8,48;3,14;20,82
31/03/2022;8,46;3,10;19,78
01/04/2022;8,46;3,18;20,11
04/04/2022;8,55;3,19;19,88
05/04/2022;8,94;3,14;20,03
06/04/2022;9,16;3,04;19,74
07/04/2022;8,95;3,04;20,00
08/04/2022;9,22;3,12;20,16
11/04/2022;9,02;3,16;20,13
12/04/2022;8,94;3,13;20,10
13/04/2022;8,86;3,12;20,26
14/04/2022;8,96;3,15;20,54
15/04/2022;8,96;3,15;20,54
18/04/2022;8,96;3,15;20,54
19/04/2022;8,93;3,16;20,77
20/04/2022;9,06;3,21;20,86
21/04/2022;8,97;3,23;21,09
22/04/2022;8,90;3,17;20,32
25/04/2022;9,03;3,05;20,25
26/04/2022;8,99;2,85;20,26
27/04/2022;9,17;2,82;20,31
28/04/2022;9,46;2,75;20,14
29/04/2022;9,39;2,82;20,10
02/05/2022;9,31;2,74;20,14
03/05/2022;9,41;2,82;20,47
04/05/2022;9,39;2,77;20,34
05/05/2022;9,22;2,69;20,88
06/05/2022;9,10;2,65;20,25
09/05/2022;9,05;2,60;20,07
10/05/2022;9,00;2,63;19,71
11/05/2022;9,28;2,69;19,95
12/05/2022;9,07;2,65;20,09
13/05/2022;9,11;2,73;20,54
16/05/2022;9,20;2,70;20,72
17/05/2022;9,20;2,78;20,90
18/05/2022;9,28;2,74;20,80
19/05/2022;9,18;2,74;20,31
20/05/2022;9,47;2,74;20,42
23/05/2022;9,51;2,85;20,66
24/05/2022;9,49;2,89;20,38
25/05/2022;9,74;2,95;20,59
26/05/2022;9,63;3,02;21,65
27/05/2022;9,64;3,04;22,29
30/05/2022;9,48;3,08;22,49
31/05/2022;9,41;3,01;22,39
01/06/2022;9,25;2,99;22,23
02/06/2022;9,20;2,98;22,19
03/06/2022;9,22;2,96;22,07
06/06/2022;9,30;3,04;22,00
07/06/2022;9,24;3,00;22,22
08/06/2022;9,16;2,99;23,63
09/06/2022;9,03;2,91;23,75
10/06/2022;8,79;2,70;22,80
13/06/2022;8,61;2,61;22,57
14/06/2022;8,42;2,62;22,51
15/06/2022;8,52;2,69;22,55
16/06/2022;8,43;2,64;22,11
17/06/2022;8,41;2,70;21,74
20/06/2022;8,54;2,79;21,99
21/06/2022;8,31;2,80;22,07
22/06/2022;8,07;2,81;21,75
23/06/2022;8,37;2,72;21,47
24/06/2022;8,58;2,76;21,93
27/06/2022;8,46;2,77;21,82
28/06/2022;8,68;2,78;21,86
29/06/2022;8,59;2,74;21,91
30/06/2022;8,44;2,69;21,59
01/07/2022;8,82;2,68;21,97
04/07/2022;8,76;2,68;22,06
05/07/2022;8,64;2,57;21,77
06/07/2022;8,76;2,53;22,62
07/07/2022;8,82;2,62;23,15
08/07/2022;8,69;2,61;23,33
11/07/2022;8,90;2,56;23,10
12/07/2022;8,88;2,47;23,83
13/07/2022;8,67;2,45;23,43
14/07/2022;8,52;2,34;23,41
15/07/2022;8,60;2,41;24,23
18/07/2022;8,58;2,41;24,38
19/07/2022;8,63;2,51;25,01
20/07/2022;8,57;2,46;24,75
21/07/2022;8,59;2,45;24,75
22/07/2022;8,76;2,43;24,56
25/07/2022;8,75;2,46;24,51
26/07/2022;8,83;2,44;23,85
27/07/2022;8,99;2,49;23,73
28/07/2022;9,07;2,43;23,60
29/07/2022;9,14;2,44;23,69
01/08/2022;9,13;2,39;23,87
02/08/2022;9,16;2,38;23,64
03/08/2022;9,12;2,43;23,96
04/08/2022;9,20;2,46;24,26
05/08/2022;9,19;2,50;24,09
08/08/2022;9,32;2,55;25,15
09/08/2022;9,41;2,56;24,64
10/08/2022;9,41;2,61;25,22
11/08/2022;9,43;2,64;25,37
12/08/2022;9,41;2,67;25,37
15/08/2022;9,51;2,64;25,55
16/08/2022;9,59;2,66;25,87
17/08/2022;9,60;2,62;25,34
18/08/2022;9,56;2,62;25,04
19/08/2022;9,59;2,53;24,78
22/08/2022;9,63;2,50;24,15
23/08/2022;9,52;2,50;23,68
24/08/2022;9,57;2,47;23,60
25/08/2022;9,65;2,45;23,14
26/08/2022;9,58;2,41;22,27
29/08/2022;9,45;2,41;22,02
30/08/2022;9,33;2,45;22,14
31/08/2022;9,10;2,42;21,55
01/09/2022;9,21;2,38;21,25
02/09/2022;9,26;2,43;21,70
05/09/2022;9,30;2,40;21,25
06/09/2022;9,18;2,41;21,49
07/09/2022;9,37;2,38;21,44
08/09/2022;9,43;2,45;21,19
09/09/2022;9,39;2,54;21,47
12/09/2022;9,48;2,64;22,38
13/09/2022;9,48;2,58;21,95
14/09/2022;9,30;2,59;22,78
15/09/2022;9,23;2,68;22,42
16/09/2022;9,26;2,65;22,45
19/09/2022;9,22;2,64;22,49
20/09/2022;9,09;2,64;21,86
21/09/2022;9,20;2,58;22,06
22/09/2022;9,08;2,60;21,88
23/09/2022;8,93;2,52;21,04
26/09/2022;8,77;2,50;21,00
27/09/2022;8,58;2,43;21,18
28/09/2022;8,60;2,44;21,39
29/09/2022;8,44;2,38;21,00
30/09/2022;8,40;2,40;21,28
03/10/2022;8,52;2,46;21,30
04/10/2022;8,65;2,64;22,08
05/10/2022;8,58;2,58;21,87
06/10/2022;8,49;2,55;21,74
07/10/2022;8,39;2,53;21,54
10/10/2022;8,31;2,50;21,76
11/10/2022;8,19;2,46;22,08
12/10/2022;8,07;2,42;22,04
13/10/2022;8,08;2,50;22,02
14/10/2022;8,22;2,53;21,87
17/10/2022;8,47;2,57;22,38
18/10/2022;8,45;2,62;22,75
19/10/2022;8,38;2,63;22,73
20/10/2022;8,37;2,67;22,99
21/10/2022;8,35;2,66;22,29
24/10/2022;8,49;2,72;22,90
25/10/2022;8,65;2,74;23,61
26/10/2022;8,88;2,65;23,77
27/10/2022;8,93;2,63;23,74
28/10/2022;8,98;2,66;23,47
31/10/2022;9,01;2,62;22,94
01/11/2022;9,00;2,64;23,44
02/11/2022;8,97;2,62;23,26
03/11/2022;8,88;2,59;22,78
04/11/2022;8,77;2,67;23,55
07/11/2022;8,77;2,66;23,60
08/11/2022;8,81;2,65;23,93
09/11/2022;9,00;2,61;24,32
10/11/2022;9,22;2,55;24,46
11/11/2022;9,07;2,53;24,20
14/11/2022;9,20;2,57;24,35
15/11/2022;9,18;2,61;24,43
16/11/2022;9,19;2,58;23,86
17/11/2022;9,20;2,53;23,62
18/11/2022;9,28;2,61;24,12
21/11/2022;9,32;2,69;24,43
22/11/2022;9,44;2,78;24,64
23/11/2022;9,43;2,77;24,96
24/11/2022;9,46;2,79;25,06
25/11/2022;9,48;2,83;24,96
28/11/2022;9,43;2,80;24,76
29/11/2022;9,34;2,84;24,92
30/11/2022;9,45;2,85;24,86
01/12/2022;9,57;2,82;25,17
02/12/2022;9,51;2,81;25,29
05/12/2022;9,55;2,81;25,02
06/12/2022;9,56;2,81;24,77
07/12/2022;9,57;2,80;24,79
08/12/2022;9,56;2,77;24,41
09/12/2022;9,64;2,79;24,48
12/12/2022;9,64;2,77;24,24
13/12/2022;9,64;2,80;24,76
14/12/2022;9,69;2,77;25,52
15/12/2022;9,56;2,70;24,84
16/12/2022;9,39;2,72;24,32
19/12/2022;9,45;2,72;24,51
20/12/2022;9,48;2,81;24,54
21/12/2022;9,58;2,85;25,10
22/12/2022;9,58;2,81;25,12
23/12/2022;9,54;2,80;24,94
26/12/2022;9,54;2,80;24,94
27/12/2022;9,56;2,82;25,11
28/12/2022;9,58;2,80;24,96
29/12/2022;9,66;2,82;25,20
30/12/2022;9,58;2,80;24,85
02/01/2023;9,65;2,85;25,60
03/01/2023;9,62;2,86;25,38
04/01/2023;9,74;2,96;26,15
05/01/2023;9,69;2,97;26,32
06/01/2023;9,72;3,05;26,81
09/01/2023;9,66;3,02;26,90
10/01/2023;9,62;3,04;26,74
11/01/2023;9,71;3,01;27,27
12/01/2023;9,78;3,08;27,53
13/01/2023;9,71;3,14;27,49
16/01/2023;9,71;3,10;27,48
17/01/2023;9,71;3,11;27,42
18/01/2023;9,63;3,13;27,55
19/01/2023;9,63;3,05;26,90
20/01/2023;9,63;3,10;27,17
23/01/2023;9,64;3,10;27,28
24/01/2023;9,67;3,10;27,50
25/01/2023;9,69;3,09;27,73
26/01/2023;9,66;3,19;28,30
27/01/2023;9,63;3,17;28,40
30/01/2023;9,61;3,20;28,56
31/01/2023;9,58;3,20;28,62
01/02/2023;9,58;3,25;28,83
02/02/2023;9,57;3,43;29,00
03/02/2023;9,57;3,50;29,14
06/02/2023;9,53;3,45;28,79
07/02/2023;9,51;3,52;28,71
08/02/2023;9,49;3,53;28,86
09/02/2023;9,49;3,50;29,03
10/02/2023;9,46;3,45;27,70
13/02/2023;9,54;3,48;28,13
14/02/2023;9,58;3,50;28,29
15/02/2023;9,68;3,47;28,57
16/02/2023;9,65;3,55;28,47
17/02/2023;9,71;3,52;28,80
20/02/2023;9,72;3,51;28,59
21/02/2023;9,77;3,52;28,44
22/02/2023;9,77;3,47;28,49
23/02/2023;9,72;3,52;28,51
24/02/2023;9,71;3,48;28,23
27/02/2023;9,72;3,55;29,00
28/02/2023;9,68;3,72;29,09
01/03/2023;9,46;3,69;29,00
02/03/2023;9,51;3,68;28,95
03/03/2023;9,55;3,80;29,36
06/03/2023;9,51;3,86;29,60
07/03/2023;9,50;3,77;29,11
08/03/2023;9,55;3,82;29,14
09/03/2023;9,54;3,77;29,32
10/03/2023;9,55;3,61;29,27
13/03/2023;9,52;3,34;28,64
14/03/2023;9,68;3,45;29,17
15/03/2023;9,69;3,21;27,68
16/03/2023;9,85;3,29;28,77
17/03/2023;9,73;3,14;28,63
20/03/2023;9,86;3,23;28,51
21/03/2023;9,90;3,38;29,12
22/03/2023;9,85;3,38;29,27
23/03/2023;9,88;3,32;29,66
24/03/2023;9,87;3,22;29,16
27/03/2023;9,97;3,29;29,69
28/03/2023;10,03;3,32;29,40
29/03/2023;10,09;3,38;29,75
30/03/2023;10,16;3,45;30,34
31/03/2023;10,24;3,43;30,90
03/04/2023;10,12;3,44;30,39
04/04/2023;10,18;3,45;30,57
05/04/2023;10,43;3,42;30,77
06/04/2023;10,48;3,52;30,45
07/04/2023;10,48;3,52;30,45
10/04/2023;10,48;3,52;30,45
11/04/2023;10,41;3,42;30,49
12/04/2023;10,49;3,48;30,41
13/04/2023;10,40;3,48;30,97
14/04/2023;10,22;3,61;31,09
17/04/2023;10,25;3,54;31,47
18/04/2023;10,27;3,60;31,45
19/04/2023;10,43;3,64;31,50
20/04/2023;10,54;3,58;31,28
21/04/2023;10,55;3,54;31,42
24/04/2023;10,53;3,54;31,32
25/04/2023;10,54;3,33;31,38
26/04/2023;10,55;3,29;31,52
27/04/2023;10,54;3,28;30,99
28/04/2023;10,50;3,19;31,16
01/05/2023;10,50;3,19;31,16
02/05/2023;10,48;3,10;30,83
03/05/2023;10,45;3,12;31,03
04/05/2023;10,56;3,06;31,43
05/05/2023;10,52;3,15;31,67
08/05/2023;10,52;3,19;32,06
09/05/2023;10,51;3,19;31,43
10/05/2023;10,49;3,14;31,23
11/05/2023;10,49;3,14;31,30
12/05/2023;10,57;3,14;31,49
15/05/2023;10,55;3,15;31,25
16/05/2023;10,56;3,14;30,92
17/05/2023;10,39;3,16;31,28
18/05/2023;10,25;3,18;31,32
19/05/2023;10,36;3,20;31,39
22/05/2023;10,36;3,23;31,65
23/05/2023;10,38;3,23;31,07
24/05/2023;10,34;3,14;30,77
25/05/2023;10,15;3,16;30,80
26/05/2023;10,24;3,20;31,13
29/05/2023;10,21;3,14;31,24
30/05/2023;10,24;3,11;31,45
31/05/2023;10,16;3,05;31,29
01/06/2023;10,26;3,11;31,45
02/06/2023;10,32;3,21;32,15
05/06/2023;10,31;3,18;32,03
06/06/2023;10,41;3,21;31,82
07/06/2023;10,28;3,21;33,63
08/06/2023;10,20;3,23;33,37
09/06/2023;10,24;3,20;33,25
12/06/2023;10,29;3,19;33,76
13/06/2023;10,22;3,19;34,11
14/06/2023;10,31;3,25;34,21
15/06/2023;10,33;3,19;34,65
16/06/2023;10,53;3,22;34,39
19/06/2023;10,43;3,21;33,90
20/06/2023;10,65;3,19;34,11
21/06/2023;10,54;3,20;34,36
22/06/2023;10,48;3,16;34,00
23/06/2023;10,41;3,07;33,90
26/06/2023;10,39;3,08;33,93
27/06/2023;10,51;3,20;34,44
28/06/2023;10,58;3,31;34,47
29/06/2023;10,57;3,34;34,99
30/06/2023;10,65;3,39;35,46
03/07/2023;10,82;3,44;35,20
04/07/2023;10,84;3,38;35,29
05/07/2023;10,54;3,35;35,45
06/07/2023;10,41;3,24;34,07
07/07/2023;10,24;3,26;34,08
10/07/2023;10,19;3,28;34,31
11/07/2023;10,19;3,33;34,44
12/07/2023;10,29;3,47;34,93
13/07/2023;10,39;3,49;34,83
14/07/2023;10,36;3,46;35,04
17/07/2023;10,27;3,45;35,15
18/07/2023;10,23;3,51;34,91
19/07/2023;10,22;3,50;34,22
20/07/2023;10,40;3,53;34,38
21/07/2023;10,55;3,53;34,80
24/07/2023;10,50;3,52;34,49
25/07/2023;10,45;3,54;34,00
26/07/2023;10,46;3,65;34,13
27/07/2023;10,54;3,71;34,75
28/07/2023;10,47;3,68;34,71
31/07/2023;10,39;3,68;34,81
01/08/2023;10,22;3,60;34,34
02/08/2023;9,99;3,53;33,48
03/08/2023;9,84;3,59;33,40
04/08/2023;9,88;3,61;33,64
07/08/2023;9,85;3,62;33,18
08/08/2023;9,92;3,52;33,20
09/08/2023;9,89;3,55;33,47
10/08/2023;10,02;3,65;33,82
11/08/2023;10,01;3,59;33,30
14/08/2023;9,96;3,60;33,56
15/08/2023;9,74;3,57;33,55
16/08/2023;9,80;3,56;33,89
17/08/2023;9,67;3,56;34,00
18/08/2023;9,73;3,55;33,99
21/08/2023;9,70;3,56;34,11
22/08/2023;9,78;3,58;34,49
23/08/2023;9,93;3,53;34,15
24/08/2023;9,94;3,54;33,99
25/08/2023;10,04;3,54;34,21
28/08/2023;10,13;3,64;34,96
29/08/2023;10,29;3,63;35,24
30/08/2023;10,05;3,63;35,32
31/08/2023;10,03;3,60;35,36
01/09/2023;9,92;3,52;35,00
04/09/2023;9,83;3,52;34,95
05/09/2023;9,74;3,50;35,42
06/09/2023;9,78;3,41;35,28
07/09/2023;9,94;3,38;35,07
08/09/2023;9,99;3,41;35,29
11/09/2023;9,90;3,43;35,80
12/09/2023;9,89;3,45;35,79
13/09/2023;9,87;3,45;35,62
14/09/2023;10,07;3,53;35,96
15/09/2023;10,15;3,49;36,19
18/09/2023;10,12;3,45;35,59
19/09/2023;10,19;3,46;35,21
20/09/2023;10,31;3,52;35,79
21/09/2023;10,08;3,51;35,48
22/09/2023;10,03;3,48;35,31
25/09/2023;9,86;3,45;35,19
26/09/2023;9,90;3,43;34,97
27/09/2023;9,73;3,49;35,00
28/09/2023;9,67;3,65;35,57
29/09/2023;9,70;3,62;35,29
02/10/2023;9,40;3,57;35,41
03/10/2023;9,05;3,56;34,97
04/10/2023;9,17;3,52;34,34
05/10/2023;9,28;3,55;34,50
06/10/2023;9,28;3,61;35,19
09/10/2023;9,37;3,51;34,89
10/10/2023;9,62;3,61;35,49
11/10/2023;9,73;3,61;34,62
12/10/2023;9,68;3,59;34,57
13/10/2023;9,67;3,51;34,13
16/10/2023;9,62;3,58;34,53
17/10/2023;9,59;3,57;34,98
18/10/2023;9,50;3,51;34,91
19/10/2023;9,53;3,51;33,96
20/10/2023;9,49;3,46;33,44
23/10/2023;9,42;3,42;34,03
24/10/2023;9,53;3,38;34,29
25/10/2023;9,64;3,46;34,10
26/10/2023;9,63;3,51;33,40
27/10/2023;9,49;3,48;32,65
30/10/2023;9,52;3,57;33,07
31/10/2023;9,61;3,47;32,55
01/11/2023;9,64;3,50;32,97
02/11/2023;9,84;3,59;33,69
03/11/2023;9,78;3,58;33,53
06/11/2023;9,67;3,54;33,18
07/11/2023;9,58;3,52;33,41
08/11/2023;9,58;3,55;34,01
09/11/2023;9,75;3,60;34,50
10/11/2023;9,75;3,61;34,27
13/11/2023;9,80;3,65;34,40
14/11/2023;9,96;3,68;34,93
15/11/2023;9,86;3,67;35,34
16/11/2023;10,07;3,69;35,11
17/11/2023;10,13;3,72;35,66
20/11/2023;10,18;3,73;36,33
21/11/2023;10,11;3,73;36,88
22/11/2023;10,16;3,75;36,87
23/11/2023;10,19;3,76;36,94
24/11/2023;10,24;3,77;37,26
27/11/2023;10,31;3,72;37,14
28/11/2023;10,32;3,78;37,22
29/11/2023;10,35;3,80;37,54
30/11/2023;10,38;3,80;37,83
01/12/2023;10,46;3,84;38,31
04/12/2023;10,54;3,85;38,37
05/12/2023;10,59;3,92;38,53
06/12/2023;10,67;3,96;38,00
07/12/2023;10,75;3,87;37,49
08/12/2023;10,80;3,94;37,88
11/12/2023;10,75;3,94;38,16
12/12/2023;10,70;3,88;38,30
13/12/2023;10,75;3,84;38,21
14/12/2023;10,82;3,88;38,61
15/12/2023;10,76;3,80;38,41
18/12/2023;10,70;3,79;38,41
19/12/2023;10,82;3,79;38,94
20/12/2023;10,76;3,79;39,09
21/12/2023;10,79;3,79;39,15
22/12/2023;10,86;3,81;39,05
25/12/2023;10,86;3,81;39,05
26/12/2023;10,86;3,81;39,05
27/12/2023;10,83;3,81;39,25
28/12/2023;10,82;3,79;39,38
29/12/2023;10,86;3,78;39,43
01/01/2024;10,86;3,78;39,43
02/01/2024;10,87;3,85;39,15
03/01/2024;10,83;3,80;37,95
04/01/2024;11,01;3,88;38,01
05/01/2024;11,02;3,91;37,62
08/01/2024;10,98;3,93;38,07
09/01/2024;10,84;3,89;37,81
10/01/2024;10,81;3,85;38,26
11/01/2024;10,73;3,79;38,19
12/01/2024;10,87;3,80;39,04
15/01/2024;10,86;3,76;38,89
16/01/2024;10,75;3,71;38,76
17/01/2024;10,66;3,66;38,42
18/01/2024;10,49;3,72;38,63
19/01/2024;10,45;3,71;38,87
22/01/2024;10,48;3,73;39,12
23/01/2024;10,29;3,67;38,34
24/01/2024;10,36;3,73;39,01
25/01/2024;10,31;3,63;39,14
26/01/2024;10,21;3,65;38,87
29/01/2024;10,26;3,57;38,92
30/01/2024;10,33;3,66;40,00
31/01/2024;10,40;3,74;39,71
01/02/2024;10,36;3,74;39,55
02/02/2024;10,29;3,88;39,63
05/02/2024;10,26;3,68;38,81
06/02/2024;10,06;3,75;39,07
07/02/2024;9,93;3,68;38,50
08/02/2024;9,89;3,66;38,88
09/02/2024;9,95;3,68;39,06
12/02/2024;10,04;3,71;39,42
13/02/2024;10,02;3,66;39,11
14/02/2024;10,04;3,67;39,21
15/02/2024;10,11;3,67;39,39
16/02/2024;10,03;3,67;39,60
19/02/2024;10,05;3,74;39,67
20/02/2024;10,15;3,80;40,10
21/02/2024;10,18;3,82;40,81
22/02/2024;10,01;3,84;41,04
23/02/2024;9,90;3,83;41,01
26/02/2024;9,79;3,82;41,60
27/02/2024;9,81;3,82;41,04
28/02/2024;9,76;3,86;41,01
29/02/2024;9,89;3,85;41,01
01/03/2024;9,78;3,87;41,10
04/03/2024;9,85;3,86;41,10
05/03/2024;10,01;3,87;40,65
06/03/2024;10,07;3,91;40,95
07/03/2024;10,34;3,98;41,15
08/03/2024;10,23;3,99;40,67
11/03/2024;10,28;3,98;40,37
12/03/2024;10,11;4,06;41,08
13/03/2024;10,20;4,09;44,26
14/03/2024;10,08;4,05;44,76
15/03/2024;10,22;4,12;45,08
18/03/2024;10,23;4,14;44,98
19/03/2024;10,24;4,19;45,82
20/03/2024;10,31;4,19;46,14
21/03/2024;10,36;4,28;46,27
22/03/2024;10,51;4,37;46,23
25/03/2024;10,60;4,41;45,76
26/03/2024;10,65;4,46;45,73
27/03/2024;10,81;4,50;46,66
28/03/2024;10,70;4,52;46,67
29/03/2024;10,70;4,52;46,67
01/04/2024;10,70;4,52;46,67
02/04/2024;10,65;4,52;45,88
03/04/2024;10,62;4,58;46,49
04/04/2024;10,64;4,68;46,01
05/04/2024;10,47;4,59;45,20
08/04/2024;10,41;4,64;45,01
09/04/2024;10,36;4,57;44,20
10/04/2024;10,25;4,58;43,62
11/04/2024;10,36;4,46;43,44
12/04/2024;10,47;4,45;43,66
15/04/2024;10,48;4,47;44,29
16/04/2024;10,36;4,36;43,50
17/04/2024;10,44;4,42;43,58
18/04/2024;10,52;4,54;43,74
19/04/2024;10,56;4,51;43,74
22/04/2024;10,66;4,67;44,65
23/04/2024;10,74;4,75;46,03
24/04/2024;10,74;4,78;45,19
25/04/2024;10,67;4,75;44,70
26/04/2024;10,81;4,85;45,34
29/04/2024;10,85;4,75;43,87
30/04/2024;10,72;4,57;42,85
01/05/2024;10,72;4,57;42,85
02/05/2024;10,78;4,57;42,50
03/05/2024;10,78;4,53;42,82
06/05/2024;10,85;4,57;42,69
07/05/2024;11,08;4,73;43,06
08/05/2024;11,15;4,77;43,62
09/05/2024;11,17;4,77;42,76
10/05/2024;11,37;4,73;42,88
13/05/2024;11,32;4,76;43,42
14/05/2024;11,35;4,75;43,48
15/05/2024;11,50;4,81;43,80
16/05/2024;11,51;4,80;43,30
17/05/2024;11,47;4,86;43,15
20/05/2024;11,44;4,88;43,43
21/05/2024;11,46;4,84;43,31
22/05/2024;11,43;4,81;43,63
23/05/2024;11,28;4,78;44,33
24/05/2024;11,19;4,75;44,30
27/05/2024;11,36;4,76;44,75
28/05/2024;11,31;4,76;43,80
29/05/2024;11,10;4,69;43,58
30/05/2024;11,25;4,79;44,36
31/05/2024;11,27;4,83;43,56
03/06/2024;11,41;4,85;44,00
04/06/2024;11,46;4,74;43,93
05/06/2024;11,54;4,68;45,57
06/06/2024;11,48;4,74;45,99
07/06/2024;11,34;4,73;45,67
10/06/2024;11,33;4,71;45,71
11/06/2024;11,24;4,61;45,47
12/06/2024;11,36;4,60;46,47
13/06/2024;11,35;4,40;46,14
14/06/2024;11,29;4,38;45,96
17/06/2024;11,14;4,41;46,44
18/06/2024;11,25;4,45;46,86
19/06/2024;11,16;4,45;46,88
20/06/2024;11,32;4,44;47,43
21/06/2024;11,34;4,34;46,83
24/06/2024;11,47;4,41;47,21
25/06/2024;11,59;4,38;46,82
26/06/2024;11,45;4,34;46,61
27/06/2024;11,31;4,34;46,48
28/06/2024;11,28;4,33;46,36
01/07/2024;11,47;4,45;45,90
02/07/2024;11,35;4,32;45,25
03/07/2024;11,43;4,42;45,69
04/07/2024;11,34;4,51;45,69
05/07/2024;11,38;4,45;45,42
08/07/2024;11,35;4,45;45,61
09/07/2024;11,25;4,38;45,37
10/07/2024;11,33;4,50;45,80
11/07/2024;11,52;4,46;46,48
12/07/2024;11,55;4,51;47,29
15/07/2024;11,34;4,45;46,42
16/07/2024;11,28;4,44;45,93
17/07/2024;11,36;4,47;45,29
18/07/2024;11,37;4,49;45,25
19/07/2024;11,26;4,43;45,23
22/07/2024;11,22;4,53;45,26
23/07/2024;11,30;4,57;45,73
24/07/2024;11,47;4,71;45,07
25/07/2024;11,64;4,55;44,80
26/07/2024;11,70;4,53;44,96
29/07/2024;11,68;4,47;44,54
30/07/2024;11,67;4,51;45,16
31/07/2024;11,67;4,46;44,86
01/08/2024;11,65;4,26;44,88
02/08/2024;11,84;4,05;43,78
05/08/2024;11,45;3,99;43,31
06/08/2024;11,45;3,96;42,94
07/08/2024;11,62;4,07;43,47
08/08/2024;11,56;4,07;43,41
09/08/2024;11,57;4,10;44,22
12/08/2024;11,60;4,09;44,25
13/08/2024;11,76;4,11;44,41
14/08/2024;11,79;4,10;44,90
15/08/2024;11,78;4,22;45,36
16/08/2024;11,84;4,23;46,59
19/08/2024;12,03;4,29;47,50
20/08/2024;12,00;4,24;48,14
21/08/2024;12,02;4,26;48,51
22/08/2024;12,08;4,28;48,85
23/08/2024;12,16;4,35;49,40
26/08/2024;12,19;4,33;49,19
27/08/2024;12,16;4,44;49,24
28/08/2024;12,24;4,47;48,66
29/08/2024;12,21;4,49;49,35
30/08/2024;12,29;4,50;48,98
02/09/2024;12,34;4,48;48,66
03/09/2024;12,35;4,37;48,48
04/09/2024;12,42;4,35;47,87
05/09/2024;12,60;4,39;46,93
06/09/2024;12,61;4,29;46,60
09/09/2024;12,78;4,34;46,55
10/09/2024;12,79;4,25;46,28
11/09/2024;12,81;4,25;48,38
12/09/2024;12,73;4,33;49,82
13/09/2024;12,85;4,41;50,38
16/09/2024;12,96;4,44;50,38
17/09/2024;13,15;4,51;51,04
18/09/2024;13,00;4,51;50,94
19/09/2024;12,83;4,60;52,06
20/09/2024;13,00;4,56;52,02
23/09/2024;13,17;4,49;52,30
24/09/2024;13,10;4,55;53,26
25/09/2024;13,07;4,52;52,38
26/09/2024;13,10;4,64;53,22
27/09/2024;13,15;4,66;53,32
30/09/2024;13,31;4,60;53,14
01/10/2024;13,33;4,38;52,34
02/10/2024;13,07;4,43;51,98
03/10/2024;13,12;4,43;51,92
04/10/2024;13,01;4,48;51,86
07/10/2024;12,94;4,56;52,42
08/10/2024;13,15;4,56;52,96
09/10/2024;13,20;4,53;52,78
10/10/2024;12,97;4,54;52,66
11/10/2024;13,05;4,57;53,22
14/10/2024;13,26;4,61;54,04
15/10/2024;13,49;4,63;54,10
16/10/2024;13,59;4,61;54,96
17/10/2024;13,49;4,58;54,58
18/10/2024;13,41;4,64;53,70
21/10/2024;13,47;4,58;53,94
22/10/2024;13,26;4,62;54,24
23/10/2024;13,46;4,61;54,50
24/10/2024;13,44;4,56;55,00
25/10/2024;13,37;4,58;54,56
28/10/2024;13,49;4,63;54,70
29/10/2024;13,33;4,49;54,46
30/10/2024;13,19;4,41;53,70
31/10/2024;13,08;4,49;52,30
01/11/2024;13,25;4,61;52,68
04/11/2024;13,15;4,60;52,04
05/11/2024;13,17;4,63;52,54
06/11/2024;12,62;4,41;51,64
07/11/2024;12,57;4,52;51,68
08/11/2024;12,66;4,43;52,00
11/11/2024;12,81;4,53;51,00
12/11/2024;12,64;4,40;50,28
13/11/2024;12,66;4,40;50,76
14/11/2024;12,81;4,50;51,02
15/11/2024;12,83;4,58;51,02
18/11/2024;12,78;4,62;51,26
19/11/2024;12,84;4,55;51,08
20/11/2024;12,80;4,51;51,28
21/11/2024;12,77;4,53;51,80
22/11/2024;13,02;4,37;52,96
25/11/2024;12,84;4,44;53,02
26/11/2024;12,82;4,39;52,66
27/11/2024;12,92;4,38;51,84
28/11/2024;12,92;4,37;51,82
29/11/2024;12,93;4,38;52,18
02/12/2024;12,95;4,38;53,68
03/12/2024;12,97;4,44;54,86
04/12/2024;12,85;4,48;55,98
05/12/2024;12,95;4,68;55,78
06/12/2024;12,89;4,64;55,82
09/12/2024;12,72;4,65;55,24
10/12/2024;12,71;4,68;54,70
11/12/2024;12,66;4,64;51,12
12/12/2024;12,65;4,66;49,67
13/12/2024;12,59;4,68;50,20
16/12/2024;12,64;4,67;50,38
17/12/2024;12,65;4,46;50,20
18/12/2024;12,62;4,51;50,30
19/12/2024;12,44;4,40;49,41
20/12/2024;12,51;4,36;50,06
23/12/2024;12,54;4,33;49,44
24/12/2024;12,59;4,32;49,51
25/12/2024;12,59;4,32;49,51
26/12/2024;12,59;4,32;49,51
27/12/2024;12,62;4,39;49,83
30/12/2024;12,67;4,40;49,64
31/12/2024;12,75;4,46;49,64
01/01/2025;12,75;4,46;49,64
02/01/2025;13,02;4,40;50,32
03/01/2025;13,18;4,40;49,98
06/01/2025;13,23;4,55;50,92
07/01/2025;13,14;4,59;50,84
08/01/2025;13,12;4,57;50,68
09/01/2025;13,17;4,57;51,10
10/01/2025;12,85;4,57;50,14
13/01/2025;12,81;4,59;48,91
14/01/2025;12,80;4,69;49,36
15/01/2025;12,93;4,77;50,28
16/01/2025;12,94;4,78;49,01
17/01/2025;12,97;4,80;49,38
20/01/2025;12,90;4,90;48,95
21/01/2025;13,00;4,79;48,48
22/01/2025;12,87;4,74;48,67
23/01/2025;12,87;4,85;48,70
24/01/2025;12,83;4,88;48,91
27/01/2025;13,03;4,90;48,60
28/01/2025;13,20;4,91;50,10
29/01/2025;13,20;5,01;51,48
30/01/2025;13,32;5,03;52,74
31/01/2025;13,30;4,96;52,72
03/02/2025;13,23;4,84;51,74
04/02/2025;13,35;4,99;52,34
05/02/2025;13,43;5,40;52,16
06/02/2025;13,26;5,63;52,74
07/02/2025;13,17;5,53;52,66
10/02/2025;13,23;5,48;53,26
11/02/2025;13,01;5,66;53,52
12/02/2025;12,99;5,77;54,18
13/02/2025;13,11;5,72;54,26
14/02/2025;13,07;5,79;54,34
17/02/2025;13,03;5,81;55,08
18/02/2025;13,02;5,96;55,58
19/02/2025;13,09;5,81;53,70
20/02/2025;13,10;5,82;53,84
21/02/2025;13,13;5,88;52,44
24/02/2025;13,42;5,96;51,82
25/02/2025;13,53;6,05;51,96
26/02/2025;13,62;6,23;52,82
27/02/2025;13,46;6,20;51,66
28/02/2025;13,60;6,22;52,00
03/03/2025;13,44;6,30;51,16
04/03/2025;13,39;5,92;50,54
05/03/2025;13,13;6,16;50,64
06/03/2025;13,05;6,31;50,16
07/03/2025;13,25;6,22;50,42
10/03/2025;13,40;5,95;50,20
11/03/2025;13,43;5,86;48,65
12/03/2025;13,42;6,00;45,00
13/03/2025;13,56;6,01;44,61
14/03/2025;13,58;6,21;44,85
17/03/2025;13,73;6,33;45,17
18/03/2025;13,68;6,58;45,24
19/03/2025;13,73;6,56;46,39
20/03/2025;13,79;6,40;46,85
21/03/2025;14,05;6,44;46,73
24/03/2025;13,88;6,50;47,00
25/03/2025;14,06;6,62;46,43
26/03/2025;14,11;6,50;46,81
27/03/2025;14,35;6,45;46,57
28/03/2025;14,64;6,32;46,23
31/03/2025;14,57;6,20;45,85
01/04/2025;14,72;6,32;46,19
02/04/2025;14,82;6,35;46,40
03/04/2025;15,29;6,02;45,42
04/04/2025;14,74;5,49;44,64
07/04/2025;13,98;5,24;42,48
08/04/2025;14,07;5,50;44,00
09/04/2025;13,77;5,37;43,93
10/04/2025;14,15;5,66;45,29
11/04/2025;14,34;5,59;45,39
14/04/2025;14,63;5,80;46,10
15/04/2025;14,81;6,01;46,96
16/04/2025;14,99;6,03;46,67
17/04/2025;15,08;5,94;46,88
18/04/2025;15,08;5,94;46,88
21/04/2025;15,08;5,94;46,88
22/04/2025;15,24;6,05;47,52
23/04/2025;14,98;6,32;48,41
24/04/2025;14,95;6,25;48,16
25/04/2025;15,07;6,42;48,70
28/04/2025;15,21;6,54;48,55
29/04/2025;15,36;6,43;46,90
30/04/2025;15,50;6,18;47,24
01/05/2025;15,50;6,18;47,24
02/05/2025;15,40;6,34;47,91
05/05/2025;15,54;6,38;47,77
06/05/2025;15,57;6,35;47,37
07/05/2025;15,61;6,35;46,01
08/05/2025;15,10;6,56;46,24
09/05/2025;15,10;6,65;46,48
12/05/2025;14,83;6,77;47,55
13/05/2025;14,82;6,78;48,43
14/05/2025;14,86;6,90;47,76
15/05/2025;15,18;6,87;48,20
16/05/2025;15,38;6,91;49,03
19/05/2025;15,42;6,94;48,50
20/05/2025;15,75;7,04;48,45
21/05/2025;15,75;7,04;48,57
22/05/2025;15,77;7,07;48,23
23/05/2025;15,81;6,97;47,07
26/05/2025;15,83;7,06;46,88
27/05/2025;15,78;7,11;46,85
28/05/2025;15,63;7,03;46,62
29/05/2025;15,58;7,03;47,33
30/05/2025;15,68;7,03;47,72
02/06/2025;15,68;7,04;47,44
03/06/2025;15,52;7,00;47,20
04/06/2025;15,53;6,95;47,42
05/06/2025;15,57;7,05;47,53
06/06/2025;15,61;7,08;48,13
09/06/2025;15,60;7,08;48,67
10/06/2025;15,75;6,94;49,21
11/06/2025;15,75;6,96;47,06
12/06/2025;15,87;7,00;46,24
13/06/2025;15,80;6,86;45,72
16/06/2025;15,82;7,13;45,76
17/06/2025;15,84;6,94;44,91
18/06/2025;15,79;6,96;44,43
19/06/2025;15,83;6,80;43,84
20/06/2025;16,03;6,92;44,22
23/06/2025;16,23;6,86;44,32
24/06/2025;16,29;7,07;44,35
25/06/2025;15,94;6,90;43,59
26/06/2025;15,98;6,89;43,23
27/06/2025;15,92;7,04;44,07
30/06/2025;15,88;7,03;44,18
01/07/2025;15,98;6,97;44,37
02/07/2025;15,88;7,12;43,99
03/07/2025;15,93;7,25;44,50
04/07/2025;15,90;7,13;43,53
07/07/2025;15,73;7,30;43,99
08/07/2025;15,63;7,38;43,23
09/07/2025;15,66;7,55;43,53
10/07/2025;15,58;7,34;44,00
11/07/2025;15,58;7,21;43,41
14/07/2025;15,71;7,23;42,73
15/07/2025;15,55;7,14;41,96
16/07/2025;15,60;7,17;41,86
17/07/2025;15,59;7,29;42,32
18/07/2025;15,59;7,25;42,07
21/07/2025;15,76;7,28;42,04
22/07/2025;15,90;7,23;42,04
23/07/2025;15,15;7,38;42,90
24/07/2025;15,25;7,58;43,04
25/07/2025;15,35;7,59;43,39
28/07/2025;15,19;7,55;43,22
29/07/2025;15,27;7,72;43,33
30/07/2025;15,38;7,69;42,84
31/07/2025;15,36;7,54;41,91
01/08/2025;15,27;7,20;41,13
04/08/2025;15,50;7,48;41,36
05/08/2025;15,48;7,49;41,28
06/08/2025;15,55;7,61;41,53
07/08/2025;15,60;7,78;42,33
08/08/2025;15,54;7,96;42,79
11/08/2025;15,63;8,00;42,22
12/08/2025;15,62;8,02;42,27
13/08/2025;15,89;8,14;42,66
14/08/2025;16,23;8,22;43,26
15/08/2025;16,30;8,24;43,48
18/08/2025;16,20;8,20;43,68
19/08/2025;16,37;8,24;43,84
20/08/2025;16,58;8,17;43,82
21/08/2025;16,62;8,26;43,43
22/08/2025;16,62;8,32;44,01
25/08/2025;16,37;8,28;43,63
26/08/2025;16,18;8,15;43,46
27/08/2025;16,21;8,06;43,54
28/08/2025;16,19;8,24;43,36
29/08/2025;16,08;8,16;42,20
01/09/2025;15,92;8,20;42,17
02/09/2025;15,81;8,05;41,24
03/09/2025;15,80;8,08;42,22
04/09/2025;15,74;8,19;42,67
05/09/2025;15,72;8,09;42,07
08/09/2025;15,69;8,29;42,87
09/09/2025;15,69;8,32;42,65
10/09/2025;15,73;8,48;45,43
11/09/2025;15,68;8,54;46,64
12/09/2025;15,70;8,49;46,20
15/09/2025;15,83;8,61;46,40
16/09/2025;15,65;8,40;45,38
17/09/2025;15,55;8,39;45,72
18/09/2025;15,46;8,53;46,05
19/09/2025;15,60;8,65;45,91
22/09/2025;15,59;8,55;45,00
23/09/2025;15,65;8,69;44,91
24/09/2025;15,65;8,74;44,34
25/09/2025;15,79;8,71;44,48
26/09/2025;15,97;8,85;45,31
